BV1pV411S7CX,【忆江南】先导片（朱一龙x罗云熙）,02:35,7,0,2020-08-27,桃花雨凉zyt,401870957
BV1kV411272g,罗云熙皓衣行路透，琴待诏墨燃看到你想囚禁你一辈子！,00:33,107,0,2020-08-27,是江小姐呀,478353848
BV1XA411n7yR,皓衣行路透，楚晚宁背墨燃三千长阶内景曝光！,00:23,97,0,2020-08-27,是江小姐呀,478353848
BV1ZV411U7LS,皓衣行路透，罗云熙陈飞宇这身高差也太萌了吧！,00:58,82,0,2020-08-27,luna370,327497673
BV1Sy4y1C74P,今晚翻谁的牌子——杨蓉X任嘉伦X刘昊然“此曲只应天上有”,05:29,6,0,2020-08-27,来自外星球的悠小悠,39417686
BV1JZ4y1T7bP,【锦玉】迟到的七夕小甜饼,03:37,10,0,2020-08-27,期待天光,390842131
BV1Ga4y1E72F,【拉郎配】大梦初醒（风天逸 x 齐衡 x 润玉）第一集,03:35,64,2,2020-08-27,小灵子团团,430391382
BV1L5411b7ZW,【成毅x罗云熙||禹司凤x润玉】【上邪】美强惨cp的虐恋情深,03:53,44,0,2020-08-26,墨芊涯,17332874
BV1KK411K7n7,【飞云系】与其愤怒 不如加入 去哪儿捡这么可爱的俩崽崽啊,03:24,99,0,2020-08-26,霉233,31004746
BV1Vt4y1S7o8,【罗云熙】X【陈瑶】【摸鱼】放下,02:04,129,1,2020-08-26,榴莲味的火锅君,40853640
BV1QD4y1d7ca,【罗云熙容齐】我的爱永无出路,01:08,3,0,2020-08-26,古月北柠,520540649
BV1sK4y1e7ZA,【罗云熙   润玉】【让酒】微剧情，成长向，2020年仍在嗑玉～,03:39,6,0,2020-08-26,玄清墨画,651444334
BV1Zz4y1f7V1,黑莲花攻略手册第六集|白敬亭x赵露思,05:15,333,16,2020-08-26,段总的小娇妻,28178239
BV1ph411R746,[cp]8.26晚上22:08飞飞鱼下班8.26晚上22:12熙熙子下班晚安！,00:22,81,0,2020-08-26,乖乖怀脾气,25852617
BV1954y1e78j,【锦觅x润玉】愿此间山有木兮卿有意昨夜星辰恰似你,00:30,41,0,2020-08-26,-小熊软糖不加糖,472887876
BV1a54y127ca,罗云熙倩女幽魂白福蝶,02:47,61,0,2020-08-26,未音HayLey,432481350
BV1mz4y1f7h2,2020.8.26东方卫视采访＋斗神,12:28,118,0,2020-08-26,明霞公主,525417329
BV1CV41127Aa,【上官透×褚玲珑‖罗云熙×张予曦】『武林盟主和他的小娇妻』这是什么甜甜的好登西！,02:55,116,3,2020-08-26,山隐不是憨憨,22364168
BV1Ht4y1S7co,罗云熙‖上官透     ～两个积灰库存发出来,00:39,10,0,2020-08-26,在网易偷封面的阿瑾,350321839
BV1Pa4y1E7pR,罗云熙的扇子成精了！,01:21,11,0,2020-08-26,琼羽惊梦,389125404
BV1Zy4y1C7SU,【润玉x邝露】【罗云熙x杜雨宸】交杯酒,00:36,48,0,2020-08-26,夜泠溪,229082147
BV1PA411H7Sw,【罗云熙 | 张彬彬 | 腐眼看人基】最近抖音很火的兄弟啊，特别适合这两个帅哥,00:31,125,0,2020-08-26,城南的苏打水,649888709
BV1wA411H7pW,罗云熙 | 润玉 水仙衍生剧【水云间V】第一百一十二集 | 弃血脉 | 身心皆苦 万般不如是 | 千帆过尽 仍是你,10:48,1416,312,2020-08-26,天妃已肾亏,157294358
BV14t4y1S7bh,真tm全明星名场面,01:38,110,0,2020-08-26,小猫咪会咬人,304073581
BV1x54y1v76m,【想见你|肖战X刘诗诗X罗云熙】另个时空/身体 能不能 换另一种结局,02:19,191,20,2020-08-26,燕足系诗,85891972
BV1F64y1F75p,（潤玉）玄龍傳之新界將起,02:48,10,0,2020-08-26,大騙子小妮子,668665486
BV1mh41197SN,【罗云熙】20200826文娱新天地：本人对于剧中古装形象的评价,01:40,1539,14,2020-08-26,河合千哩,3907051
BV1XK411N7fD,【罗云熙】金曲主打捞CUT,06:15,57,0,2020-08-26,想要一个弋,606547580
BV1cK411K7f1,罗云熙 采访 “ 古装美男子” 穿上古装，有一种要叮嘱自己得提着气的感觉，每一个角色自带的光环、气场颜色不一样，要找准这个颜色《文娱新天地》2020年8月26日,01:39,347,1,2020-08-26,风雪SY,63975896
BV1Fa4y1E7FC,罗云熙|甜虐水仙剧情向|麒麟宸✘青龙珏☞「28」唯愿君心似我心&amp;一爱难求,13:42,71,3,2020-08-26,待我封王,392169263
BV1Rz4y1f7zJ,2020.8.26罗云熙亲自带你家园一日游,01:45,655,6,2020-08-26,明霞公主,525417329
BV1nV411S7TB,倩女幽魂手游罗云熙代言拍摄花絮正片一,01:45,93,4,2020-08-26,jcysxmy,10686683
BV1yp4y1Y7qr,【井然中心向|朱一龙中心向】谈恋爱嘛，见一个爱一个的那种,03:16,181,14,2020-08-26,凉皮不要凉,18683179
BV17h411R7Ly,【罗云熙/Leo/卡点】点击就看超帅袁总,00:23,55,0,2020-08-26,BridgetCheyenne,43812300
BV1ch411R7Q9,古装男子群像丨风花雪月名场面丨说客,02:00,35,0,2020-08-26,西洋红柿子,29869944
BV1EK411K7KC,【锦玉｜润玉*锦觅｜罗云熙*杨紫】锦玉同人文《心之所向》改编 高虐,04:56,103,3,2020-08-26,南思之,79450578
BV1VD4y1m7aR,【罗云熙】中秋之夜,07:13,84,2,2020-08-26,想要一个弋,606547580
BV1LD4y1m747,【皓衣行 | 天光余恨歇 | 踏仙君向】踏仙君×墨燃×楚晚宁 | 飞云系 | 二哈原著剧情向,04:17,443,2,2020-08-26,小仙草Alina,384296772
BV1fV41127Gh,【润玉   上官透】透透乖乖和他回去吧，天帝他不香吗,02:09,121,1,2020-08-26,菠罗吹雪_,492374083
BV1KV411S7hy,博君一肖、天官赐福危险关系肖战、王一博、罗云熙,01:13,826,3,2020-08-26,阳光系语,618143561
BV145411h7gL,[cp]【七夕福利-情人之男演员们的舞蹈混剪（踩点向）】【朱一龙】【白宇】【张新成】【罗云熙】【丁禹兮】等，来看看喜欢的人吧！七夕快乐！,03:27,106,0,2020-08-26,Bumpkin六便士,391902516
BV1dy4y1C7Fm,2015.4.19《好好过》MV高清,07:14,67,3,2020-08-26,明霞公主,525417329
BV1yA411n7Vm,为她袖手天下 抵过此生空牵挂 若非死别 绝不生离...,03:40,287,0,2020-08-26,晓晓_Liz,406281068
BV1V54y1279C,【马天宇】杨紫马天宇罗云熙王俊凯张一山李易峰我小猴紫不要面子的吗,00:41,72,0,2020-08-26,在哪点vW9G,402950383
BV1cf4y1X7NJ,【奥利奥/双leo】用《无法逃离的背叛》打开奥利奥,03:05,501,2,2020-08-26,小小晚123,29713172
BV1rz4y1f7Tz,20200826北京卫视BTV文艺台每日文娱播报罗云熙CUT,00:51,1549,4,2020-08-26,jcysxmy,10686683
BV1pD4y1m7R7,论罗云熙和二次元的适配度【第四波】【乙女游戏主题】【罗云熙】,02:09,253,23,2020-08-26,麻酱本酱,346627042
BV1KZ4y1T7iG,【罗云熙|上官透】燃向|打戏|绝美舞扇声控的福利|九九八十一,01:02,33,0,2020-08-26,颜七的水彩,12392323
BV1na4y1E753,陌上人如玉，公子世无双，谁是你心里的白月光,06:02,9,0,2020-08-26,假笑拦孩,138820771
BV1Th411R7uk,【火锅夫夫】【拉郎】两只蝴蝶,01:46,90,1,2020-08-26,雕翎箭发迸寒星,37421197
BV1pZ4y1T7UB,20200826东方卫视文娱新天地罗云熙CUT,01:39,239,1,2020-08-26,jcysxmy,10686683
BV1kA411n7BS,【古装美男】白敬亭，罗云熙，任嘉伦，朱一龙，风花雪月的粗糙剪辑～,02:44,27,0,2020-08-26,LB_弈,481264523
BV1Lv41117wu,罗云熙最冷一天|唯愿会及时拥抱入眠，留住这世上最暖一天。,02:38,38,2,2020-08-26,我家的呦呦酱,13049955
BV1rT4y1L7TZ,汪卓成X罗云熙,02:10,27,0,2020-08-26,夜丶幽篁,316420359
BV1mT4y1w7yK,【罗云熙角色群像｜沙雕向】天帝玉VS巫夜魔尊的battle｜到底谁能补获貂.润玉.美人.蝉的心,04:45,120,1,2020-08-26,珉弋禾熙,278292629
BV1R54y1e7fF,【板绘】【罗云熙】,06:53,6,0,2020-08-26,白藏-潇潼,403069305
BV1WZ4y1T72N,【蝶客主角剧情】《倩女幽魂手游》罗云熙代言的蝶客，一个让人典当灵魂的银发大魔王,15:07,55,0,2020-08-26,Maple星尘,386642089
BV1xt4y1S7eZ,【罗云熙‖润玉版·歪嘴战神】（一）且看且珍惜，后续看心情,01:01,228,6,2020-08-26,卿梦慕九熙,100692397
BV1Vf4y1X7RP,《北落师门》番外‖罗云熙＆王楚然‖下架重传‖一个出现的太晚，一个爱的太早,04:29,115,1,2020-08-26,温毓妹妹,490174392
BV1ki4y1M7dy,上官透神仙笑颜篇 | 不哭的他简直太撩了!你能抗住几秒？,03:26,35,0,2020-08-26,菜里少放糖,368178925
BV1HD4y1m7Le,【双Leo|奥利奥】青衣谣,04:36,356,19,2020-08-26,青巍生景,397102180
BV13K411M72o,皓衣行  罗云熙  陈飞宇上班，今天顺毛,00:21,1066,1,2020-08-26,乖乖怀脾气,25852617
BV1ph411R73J,这个柜门我是已经堵不住了,00:12,6974,15,2020-08-26,子夜白_,22120332
BV1UK411N7et,皓衣行,00:52,1736,1,2020-08-26,爱烧仙草的琴,341716854
BV12z4y1f7o6,救命！根本不敢相信这男人30+  顺毛简直了,00:20,3329,5,2020-08-26,心动收藏家od,322729836
BV1at4y1S7Jt,向来情深，奈何缘浅，愿天下有情人终成眷属,01:17,16,0,2020-08-26,大笑姑婆007,432460390
BV1M54y1v7oo,【白衣古装男子群像】你是谁的白衣少年，为何留恋人世间？白衣混剪,03:37,78,2,2020-08-26,年有昭昭,405967785
BV1mA411n7aB,【皓衣行】如果楚妃长这样2.0,00:27,4374,5,2020-08-26,子夜白_,22120332
BV1Nf4y1X741,【罗云熙/Leo】快本怼脸向/高糊也遮挡不了的盛世美颜,01:10,106,1,2020-08-26,BridgetCheyenne,43812300
BV1Q54y127ss,【罗云熙/Leo】翩翩少年，白衣公子,00:29,17,0,2020-08-26,BridgetCheyenne,43812300
BV1V64y1F7KR,刚发现一首麦振鸿老师的曲子，简直神仙！虐！更加期待皓衣行了！,00:46,944,0,2020-08-26,rr洛小希,525976365
BV1Vp4y1i7oY,一品公子罗云熙‖上官美人透透子,00:24,12,0,2020-08-26,衍syl,324221719
BV1tt4y1S7wD,【皓衣行-飞云系】飞鱼真的是少年感满满,00:22,2559,1,2020-08-26,玉子不是鱼子,13221207
BV1u5411b799,[cp]8.25晚上22:55熙熙子下班                      8月25日晚上9点30分，飞宇下班,00:30,109,0,2020-08-26,乖乖怀脾气,25852617
BV1bD4y1m75z,抛开偏见！来看看二哈耽改铁打的师尊！,04:08,9389,94,2020-08-26,死生之巅小阿杜,346605482
BV1Sz4y1f7ha,【容齐×谢韫之|罗云熙×杜雨宸】人间相守（四）结局篇/玉露衍生,09:45,263,34,2020-08-26,孤岛小鲤鱼,73496847
BV18K4y1e7aV,【名场面】男明星落泪有多绝！,01:33,62,0,2020-08-26,我就是个颜狗啊啊啊,44933610
BV1hD4y1m7wG,黑化?囚禁?捆绑!放开这个美男，让我来!,00:31,1218,4,2020-08-26,糖茶小栗子,40754663
BV1Sp4y1Y76p,【罗云熙】书法之美 笔墨纸砚,13:22,88,3,2020-08-26,想要一个弋,606547580
BV1Bk4y127RH,【罗云熙】8.26出工视频,00:12,1803,3,2020-08-26,程程看影视,613619264
BV1ut4y1S7rM,【玉露】【润玉邝露】—春秋吹尽人间史 桃花一梦浮生客,06:13,154,1,2020-08-26,扁豆哥哥,25826225
BV1LK411K7HG,【双Leo/奥利奥】官能小说家/情色小说家/老司机的爱情故事/看标题就知道有车,03:45,1832,90,2020-08-26,Iroko和樹,35403663
BV1nD4y1m7Yv,【罗云熙/润玉】不染古筝/润玉0826飞龙在天,02:24,29,0,2020-08-26,爱十三的小灏灏,15044605
BV1TZ4y1T7a4,【润玉故事线混剪】夜神殿下的天帝之路「天帝陛下登位两周年纪」吹灭小山河 罗云熙,03:07,39,3,2020-08-26,是森不是木头,8085974
BV1zA411n7VH,【一品透  容齐】齐儿强扭的瓜不甜，你还是放手吧,00:31,59,2,2020-08-26,菠罗吹雪_,492374083
BV1754y1v7N5,【罗云熙】偶像运动季,08:44,65,1,2020-08-26,想要一个弋,606547580
BV1Qt4y1U7en,【罗云熙】up翻唱【十里桃花】愿三生三世只与你成双。,02:41,104,2,2020-08-26,云熙有你,474855780
BV16h411972Z,【公子的报恩】上官透x凤舞,04:17,581,22,2020-08-26,千夜Knight,9322012
BV1BT4y1L7T8,【罗云熙】润玉【七十二家酒楼】杨柳风柔 海棠月淡,00:50,242,15,2020-08-26,漠而无涯,219281437
BV16y4y1C7di,罗云熙，粉丝,00:06,151,0,2020-08-26,乔楚乔传,489997575
BV1sv41117Jh,【琉璃|三界恩怨录(≧∇≦)】1.论帝君是如何如何失恋的“这天界，我守得，也杀得！”褚璇玑*禹司凤*帝君（排名不分先后）,04:11,101,11,2020-08-26,司命富婆,503788679
BV1ga4y1E7YW,【透芝】无心｜以为无心便能再无太多牵挂  到头来还是逃不过惩罚 岁月能否留下她美丽的脸颊,04:31,89,0,2020-08-26,幼年时期的山田凉介,6707244
BV1wV411m7ze,【罗云熙中心向】透透子和漂亮小姐姐们的故事,03:03,296,17,2020-08-26,一念司秋,65241535
BV1xk4y1y7n8,【润玉 I 罗云熙】天地难容 I 少年不识爱恨一生最心动,03:58,59,0,2020-08-26,旧巷的酒香,76988979
BV1XT4y1L7QL,【双leo||奥利奥】【吴磊✖️罗云熙】【岩枭✖️上官透】迷魂记,01:02,490,10,2020-08-26,阿_穆穆,2663390
BV1vA411n7o6,【罗云熙香蜜】你离脱单只有一步之遥,02:19,40,0,2020-08-26,期柒,471976643
BV1ct4y1S7Do,【神仙肉小说配音剧】过渡剧情，重要人物基本都出来了！,01:48,113,4,2020-08-26,茜茜家大漂酿,384754543
BV1BT4y1w7bo,【高甜混剪】很难不动心｜这是什么绝世甜宠剧！,02:42,116,4,2020-08-26,是罗云熙得不到的女人,283678062
BV1aA411n7aA,【罗云熙|上官透X润玉】七夕特辑|上官小透又来撩啦，救命之恩以身相许,03:48,745,97,2020-08-26,花卷卷心菜丫,54321037
BV1Vv41117zW,【水仙|透齐cp】,01:31,73,0,2020-08-25,紫薯包,6937287
BV1Wi4y1M7qC,/七夕快乐//古装cp七夕拉郎群像/花雨落,01:45,48,0,2020-08-25,沈檬orange,32092734
BV1G5411b7VX,哥哥的笑，夺命的刀,01:30,62,0,2020-08-25,浅欢乐多,496124088
BV11T4y1L7YY,【肖战×白鹿】伤情 | 平行时空中的另一个我,02:24,221,7,2020-08-25,橘函数,30471345
BV11y4y1C7ae,飞云系 ◎ 陈飞宇 x 罗云熙 || 修仙少侠 x 小将军 “千年后我会来找你”▷ 星月神话,01:10,206,4,2020-08-25,桉小诺,8729467
BV1t54y127JB,【罗云熙水仙】玉透·奇妙的约会丨微沙雕+微鬼畜丨点进就看宝子们傻笑,02:21,1131,85,2020-08-25,绿绿冷静下,43932302
BV13h411R7JK,【师叔你这样很容易失去我|第七集】【陈钰琪X罗云熙X邓伦X杨紫】,06:26,291,13,2020-08-25,花沉湘,86940011
BV1Gt4y1S7KD,【罗云熙】一本正经嘴瓢,00:33,28,0,2020-08-25,杂粮菌,18120206
BV1qv41117cF,【上官透×重雪芝‖罗云熙×陈钰琪】九张机-You jump I jump系列,01:34,60,0,2020-08-25,仓鼠君睡不醒,6065923
BV1pf4y1X7JV,【润喉糖】周海媚×罗云熙|润玉×荼姚|纯润喉糖！纯润喉糖！纯润喉糖！重要的事情说三遍！,01:56,141,5,2020-08-25,走着走着踩了柠檬,238134361
BV1Fa4y1E7Pr,【赵今麦】赵今麦陈星旭罗云熙胡歌不愧是国民偶像老胡,00:40,68,0,2020-08-25,在哪点vW9G,402950383
BV12f4y1Q7ve,皓衣行路透，罗云熙深情凝视陈飞宇！,00:33,7511,9,2020-08-25,luna370,327497673
BV1o54y1e7xZ,#二哈与他的白猫师尊#楚晚宁#墨燃 #墨燃楚晚宁  这个超A的晚宁我可以,00:16,760,0,2020-08-25,夏贝妮,492310446
BV1ev411178o,【罗云熙|分针】分针x时针|幻乐之城x爱乐之城|City of Star歌舞短片|芭蕾小王子,03:20,21,0,2020-08-25,幾道川,2144440
BV1N5411b7c2,「任来世枯朽成灰，换今生与你相随」罗云熙 | 袁冰妍 | 成毅,02:20,447,4,2020-08-25,IsPetrichor,437007192
BV1Qf4y1Q7Rn,【罗云熙考古 | 最早期直播】七夕福利第四弹！小奶熙唱歌给大家听啦！,02:20,153,0,2020-08-25,城南的苏打水,649888709
BV1xD4y1m7sD,【罗云熙考古 | 最早期视频】七夕福利第二弹！口头禅&quot;非常非常&quot;，说话喜欢砸吧嘴的小可爱,10:32,93,3,2020-08-25,城南的苏打水,649888709
BV1F54y1v7jD,【罗云熙考古 | 最早期直播】七夕福利第一弹 | 撒娇小奶音，我的耳朵怀孕了！早期熙熙话痨爱撒娇,14:41,95,14,2020-08-25,城南的苏打水,649888709
BV1SV41127wf,▹ 这个七夕连  上官透丨哪吒  都收获了美男龙 你还在等！什！么！,00:59,66,6,2020-08-25,曲奇已被注册-,373575199
BV15a4y1E7iL,【古装男子打戏混剪】“唯此间江湖年少 偏爱纵横天下 恩仇趁年华轻剑快马”,03:57,58,0,2020-08-25,吹不渡,110914018
BV1da4y177pD,【罗云熙考古 | 最早期直播】七夕福利第三弹！给妈妈过生日的小可爱，吹蜡烛那里我就看了100遍吧！,02:44,100,2,2020-08-25,城南的苏打水,649888709
BV1Ky4y1y7bP,【奇怪的cp增加了】【上官透X精灵王子】别锁我了没人看的！！！,02:02,93,2,2020-08-25,蓝儿当自强,2920584
BV12A411n7EN,【赵丽颖 x 罗云熙 x 刘亦菲 x 肖战】（伪）湖南卫视《人面桃花相映红》预告片,03:25,781,26,2020-08-25,袁滚滚不是圆滚滚,404021359
BV1Bf4y1Q7H4,七夕糖点集合|小鱼说他读完了原著，墨燃会成为他身体的一部分,00:57,3955,1,2020-08-25,西洲汀里,257433625
BV1fK411N71s,拉郎——夜华X润玉【杨洋X罗云熙】昔言,06:16,219,0,2020-08-25,阿染甜熙熙,34541389
BV1j5411b7gP,【润玉水仙|天帝x胖头鱼】第十五集|世间一切的美好皆源于胖头鱼清奇的脑回路,04:59,1001,101,2020-08-25,枕着石头睡大觉,25659701
BV1Uh41197gL,《乞巧》七夕特制【肖战/杨紫】【余生夫妇】【罗云熙】【爱情/玄幻】【张小凡/锦觅】（其实名字和内容没多大关系）,14:57,285,25,2020-08-25,阿宁菇凉,502207131
BV19p4y1Y7zP,七夕节躲过了狗粮的，没躲过罗云熙！又是馋透透笑（shen）容（zi）的一天,03:04,49,0,2020-08-25,菜里少放糖,368178925
BV1X54y1e7Bu,【小妈文学④|朱一龙吴磊罗云熙】我是你的谁？是我命中的克星。不，我是你相公,06:13,6674,163,2020-08-25,君容光,287443891
BV1tt4y1S76u,「润玉x白浅」他也曾合我指尖 收天下寸圆|罗云熙 杨幂,01:10,186,1,2020-08-25,魚里游,16990738
BV1AK411K7ab,【陈瑶×罗云熙】转世仙君×小狐狸,03:40,148,2,2020-08-25,葡萄丸茶,43786253
BV1Za4y1772A,罗云熙  来共度七夕  个人向,01:26,170,11,2020-08-25,罗云熙视频平台打投组,651617588
BV19K411N7Ve,【罗云熙│润玉·水仙】长安||天帝皓然×夜神润玉  愿一生长乐安宁  第二十三集,09:19,664,77,2020-08-25,张起灵的小帽子,14421873
BV1UK411N7HK,【七夕特供】透翡冲雪||神话情话||赵丽颖X肖战X罗云熙||赠：妲婓,02:07,1869,40,2020-08-25,肉汤末,243508175
BV1ak4y127S3,金玉良缘|上官透*苏瓷|(罗云熙*陈瑶）(◐‿◑)﻿,00:40,1494,10,2020-08-25,真让人自闭,4514887
BV1G5411b7V5,【罗云熙】百变罗玉,01:00,21,0,2020-08-25,琵琶不行我都行,321437592
BV1p54y1U7kH,【双Leo 奥利奥】找到你 | 黎簇x容齐 平齐 | 一人一座城 | 七夕坐标：酆都 今生篇 轻微恐怖,07:51,445,27,2020-08-25,皮蛋是个猫东西,12953401
BV1q54y127Jg,『罗云熙』霸 总 在 可 爱 面 前 一 文 不 值！！,00:50,899,13,2020-08-25,李易峰的小迷妹呀i,39065580
BV1w54y1v7eQ,【七夕合剪 | 罗云熙中心向】倩音流年 | 十五对cp拉郎,07:04,466,50,2020-08-25,你就比僵尸柔软一点,409963007
BV1Nv41117By,罗云熙 | 罗老板开课啦  倩女幽魂手游,00:44,27,0,2020-08-25,凉屿_箬宸,321608564
BV1mt4y1S7XM,【肖战丨刘诗诗丨罗云熙丨陈瑶】我的危险妻子 ♥ 七夕特辑 // （ 高能反转）赠：是我的月亮吗  /  九姑娘爱吃鱼,03:26,1993,48,2020-08-25,你没谈过恋爱你不懂,2010115
BV1kT4y1L7xS,罗云熙 | 就熙欢花絮 白色小福蝶！！七夕快乐～ 20200825,01:05,16,0,2020-08-25,凉屿_箬宸,321608564
BV1CC4y1t77D,【自制剧】《浮生缘》第八集（迪丽热巴X许凯/王一博/罗云熙）,03:28,174,1,2020-08-25,希宝Nozomi,2752806
BV1zV411U7TY,[合作剪辑]❤奥利奥101【第四期】A组主题考核❤3066大型CP类选秀节目❤热爱在当夏，梦想加油❤【奥利奥|双LEO】【吴磊|罗云熙】,16:50,3513,1130,2020-08-25,Sean肆季,3165026
BV1654y1272a,【罗云熙x陈钰琪|透芝|七夕夫妇】熙熙琪琪的甜蜜小窝vlog,01:16,188,1,2020-08-25,瑞王府干大事的污爷Wu,20876281
BV1zD4y1m7UT,【吹灭小山河｜罗云熙】桃花醒自然，星斗睡河汉。果然颜值即正义，怎么会有这么美的男人！,03:04,29,0,2020-08-25,菜里少放糖,368178925
BV13Z4y1T7i2,齐逶摸鱼片段,00:34,20,0,2020-08-25,梦貘ー_ー,17457161
BV1F64y1F759,【女尊‖女帝】【生子向慎入】【疯狂女帝要立后】第十六集【迪丽热巴×肖战×王一博×罗云熙×白敬亭】,07:06,1746,20,2020-08-25,饲猫少女七七酱,60131612
BV1rp4y1Y7g9,我与罗云熙的快乐七夕,00:57,55,0,2020-08-25,每天都想啵啵弋,259591288
BV1Tf4y1X7c3,【邓伦罗云熙】【旭润】【旭凤×润玉】重相见 第四集/持续更新--七夕快乐,09:06,508,6,2020-08-25,机灵鬼艾莉,398503371
BV1M5411b7MF,[cp]8.25中午11:50熙熙子上班8.25中午12：54分飞鱼上班,01:02,191,0,2020-08-25,乖乖怀脾气,25852617
BV1Yf4y1Q7uA,9人cp虐心接龙合剪|跳崖吧 下一个更好！|你从未见过的跳崖合剪｜没想到吧！｜初见,04:30,2491,215,2020-08-25,-禾未灰,13763429
BV1x54y127Ey,【润玉&amp;白浅】[罗云熙&amp;刘亦菲]我有媳妇啦,02:47,55,1,2020-08-25,星星月亮太阳__,275665939
BV1dZ4y1P75x,【七夕特辑】那些年莲雾拉过的郎～,01:01,240,1,2020-08-25,一颗莲雾,27516929
BV1WT4y1L7kJ,【史诗爱情自制剧半生夭】第四集 - 出征 + 七夕礼物番外 【宋祖儿/陈钰琪｜吴磊/罗云熙｜窦骁｜韩东君｜张志贤｜刘昊然/邓伦｜陈若轩/张彬彬｜刘奕君】,26:08,247,6,2020-08-25,菲比月亮,419175827
BV1aK4y1Y7oB,【罗云熙|润玉水仙】掌中之物8【叫夫君干啥鸭】【变态/用药/暗黑/病娇/捆绑/囚禁/强制爱/双向暗恋/虐车慎入！豪华高铁】,20:06,2227,601,2020-08-25,苏子柒丨离诺,163509852
BV1nV411S7tn,【天官赐福 双玄】【隔山海|肖战×李易峰×罗云熙】第十五集 桃花斑驳  明仪/贺玄/师青玄/师无渡  风地水 川渝组,03:33,70,2,2020-08-25,月白风清与君识,489148756
BV1jK411K7bv,【七夕快乐】送大家一场恋爱叭！！乙女游戏《与君盟》真人版 ·罗云熙|任言恺|白敬亭|钟汉良|鹿晗,00:59,1279,31,2020-08-25,潋玉缘,14375674
BV1Ht4y1S7DH,容齐x润玉 | 爱到失魂落魄也奈何缘落  那独守轮回的人注定是我,05:12,57,1,2020-08-25,沉醉闲云,2898152
BV1bA411n7L2,【罗云熙/朱一龙‖摸鱼】问就是没有标题,05:26,696,8,2020-08-25,风间Kaze,669293
BV1CT4y1w7yp,【润玉x白素贞】有车慎入|色气向|论妖精套路书生,00:57,86,2,2020-08-25,刚刚刚给,356150914
BV1T5411b7bZ,【罗云熙X成毅|拉郎向|彻骨伤】“不谋皇位，便只有死路一条”（三生三世之君臣篇）,01:49,131,2,2020-08-25,贰两烧酒i,341915513
BV1dK411N7S8,【罗云熙||Bad Guy】【踩点向杂志混剪】报告！这里有一只兔子要顶不住啦！,01:19,29,0,2020-08-25,Tttttting风,289397930
BV1JA411n78t,【罗云熙x罗狮粉】一场双箭头的爱恋！罗云熙七夕快乐,03:53,46,0,2020-08-25,想要一个上官透,507446826
BV1zD4y1m7py,你俩的七夕过的可还好！,00:18,1.0万,10,2020-08-25,陈飞宇的小公主,619275307
BV1V64y1F75F,【帝后劫】杨贵妃与年轻版李隆基的马嵬坡兵变,01:02,60,0,2020-08-25,一笑琅然Echo,266198461
BV13T4y1L7So,【红衣拉郎群像】牵丝戏 | “你是胸口一抹朱砂痣 你是心尖一滴心头血 ”//“ 一袭红衣霂倾城，公子一见误终生”（五人合剪）,03:57,2702,104,2020-08-25,今天有翡播了吗,40102488
BV1W54y127rd,罗云熙 七夕礼,01:00,87,1,2020-08-25,海带宝宝,400799413
BV1ga4y1E7pg,【罗云熙｜上官透|踩点】陌上谁家年少，足风流,01:53,114,4,2020-08-25,白暮木语,178640102
BV135411h7QL,【飞云系&amp;feat.打雷】我会爱你到最后 | 这个性张力！ |鳄鱼系危险男子小鱼×又纯又欲病娇熙熙,02:25,621,8,2020-08-25,gabby小玉,290311539
BV1FA411n7r1,（潤玉）玄龍傳,07:39,23,0,2020-08-25,大騙子小妮子,668665486
BV1Rv411y7As,【罗云熙】20200825Big磅来了专访：呼吁大家不要熬夜！两部新戏角色的深挖解析！,04:39,4246,105,2020-08-25,河合千哩,3907051
BV18i4y1g7vu,【罗云熙×陈钰琪】七夕了怎么能没有甜甜的爱情,02:39,96,0,2020-08-25,宇系云飞,174514409
BV1SK4y1Y7hr,【润旭】想见你（前世今生向）润玉x旭凤，周小山x柏海,03:18,318,5,2020-08-25,是老清啊,34281557
BV1S64y1c7L2,【罗云熙水仙 玉透/芋头cp】梦回还,04:11,226,21,2020-08-25,流萤踏火,2083929
BV1Wk4y127qn,罗云熙|甜虐水仙剧情向|宸珏☞28集预告,00:48,67,0,2020-08-25,待我封王,392169263
BV1s54y1U78i,【双leo‖奥利奥】囍｜入魔师尊x偏执狂徒儿｜有车慎入,06:58,1185,50,2020-08-25,果篮子啊,21291554
BV1CK411T7jh,【罗云熙】这不就是我脑海中漫画男主的标准吗,00:09,25,2,2020-08-25,双九默,571952483
BV14v411i7ZH,【润玉水仙|天帝x胖头鱼】第十四集|听说胖头鱼被赶走后，天界就秃了？？？,05:13,1335,112,2020-08-25,枕着石头睡大觉,25659701
BV11f4y197G2,【将进酒|唐酒卿原著|策舟甜向】沉沦世俗为你的美,02:40,2469,81,2020-08-25,庸尘不高冷,32282894
BV1Ui4y1g7rW,【七夕】上官透和重雪芝的甜蜜时刻，爱意中透露着怜惜，透透太深情了,01:23,37,0,2020-08-25,蒹葭在此,37847156
BV1j5411h7aZ,『罗云熙/倩女幽魂手游〗白福蝶陪过七夕 ——«一生等你»、«胭脂妆»一虐一甜警告花（絮摸鱼向剪辑③）,00:41,82,4,2020-08-25,璇玑宫的茶,401348108
BV1QD4y1278j,【罗云熙】【杂志混剪】是微风 是晚霞,00:44,15,0,2020-08-25,z微微,8133704
BV17K411M7T9,【双Leo】❤七夕贺礼❤ 同框&amp;脑洞总结 | 吴磊x罗云熙,01:33,1362,53,2020-08-25,拿铁Dexpnm,1881915
BV15h411o7c3,#七夕快乐# 抖了抖我的小仓库，七夕快乐,00:34,3905,73,2020-08-25,跑掉的琴码,6100397
BV1fK4y1Y7oX,【脑洞/禁止套娃】今天我的B站播放界面好像有点不对？,03:39,6644,47,2020-08-25,白日妄想家,13829896
BV1bv411i76w,【男颜混剪】对不起，可爱在痞帅面前不值一提,02:43,224,2,2020-08-25,琼结游女,109146822
BV1dv411y7F4,【囚禁】捡到个失忆男友……许凯X罗云熙 苍焱X离朱 魔尊要抱抱衍生…霸道忠犬魔尊X高冷清冷剑修,03:18,3866,36,2020-08-25,陪你一起去看雪,24425641
BV1b54y1U72X,【七夕售后·玉透/芋头】到底谁才是狡猾的狐狸，谁才是可爱的兔叽~,01:52,479,20,2020-08-25,卿梦慕九熙,100692397
BV1bi4y1g7Ak,【罗云熙X吴磊X迪丽热巴X易烊千玺|七夕快乐】,00:51,229,1,2020-08-25,奈奈川C,130332093
BV1f541187H5,【考研那些事】第三集：我可能不想考研了,05:07,223,14,2020-08-25,山水光中万千潇洒,44386881
BV1Ah411o7Tu,《离》容齐&amp;霍璇/罗云熙白鹿,05:03,241,9,2020-08-25,知了MONKEY,336579600
BV1hC4y1t7wP,【罗云熙】玉透齐甜蜜笑容合集,01:43,29,1,2020-08-25,翷1989,16695520
BV1PT4y1L76c,【皓衣行】如果楚妃长这样,00:12,8458,0,2020-08-25,子夜白_,22120332
BV17z4y1f7CM,【润玉】 无妨爱我淡薄，但求爱我长久,02:05,10,0,2020-08-25,海绵宝宝的升职ing,369530210
BV16C4y1t7rp,【古装群像】神仙眷侣高糖名场面混剪，不甜算我输,01:19,42,0,2020-08-25,剪火_HOT,511140443
BV17Z4y1K7ym,【霍乱江湖|北南】【朱一龙|罗云熙】霍临风x容落云 初相遇,02:18,205,6,2020-08-25,芒果馅冰,520975518
BV1dD4y127Rk,上官透罗云熙,00:11,4,0,2020-08-25,yanluole,289368882
BV1wh411o7Qi,【奥利奥】|| 佳人难觅 赠啵风,01:57,1209,30,2020-08-25,暮云染柳,309402316
BV1rD4y127tU,【李洙赫×罗云熙/七夕全糖限定/有车】如何扑倒一本正经禁欲受,01:26,150,1,2020-08-25,公子甩旗袍,400089304
BV1DA411J71M,【罗云熙】七夕给粉丝送情书,00:28,539,0,2020-08-25,程程看影视,613619264
BV1s54y1e7ao,期待会有好事，就先看着玩玩吧（一个搭肩搂抱触摸合集）,00:32,7534,1,2020-08-25,西洲汀里,257433625
BV15f4y1Q7S8,【古装男神|罗云熙】心动笑容混剪，你中招了吗？,01:34,20,1,2020-08-25,浅欢乐多,496124088
BV1gD4y1m7EQ,【罗云熙】20200825屈臣氏HWB狂欢节：8月28日看施华蔻品牌代言人罗云熙直播！,00:35,1391,5,2020-08-25,河合千哩,3907051
BV1Wa4y177ko,【罗云熙】七夕大片来袭，半是蜜糖定档,00:15,1420,3,2020-08-25,爱狮子座红萝卜的兔子,369508755
BV1964y1c7DE,「罗云熙｜润玉」「蝶客｜影灵」真人CG混剪｜囚龙困蝶，为你而来~,04:23,1318,54,2020-08-25,二熙的宝贝馅儿,43269068
BV1Vt4y1Q713,【香蜜沉沉烬如霜】裁梦为魂|润玉x锦觅part（安安中文翻唱）,04:17,66,0,2020-08-25,安安rabbit,172534199
BV1G5411h742,【杨幂中心向】韶华未既||论乞巧节偶遇前男女友该怎么办,01:19,344,7,2020-08-25,白云curl,15106888
BV1tk4y127jV,罗云熙  开心反应视频  哼唱浪姐主题曲？看自己和贾玲姐的cp视频，七夕福利！在线查收粉丝告白作业！2020年8月25日 采访→ 不要熬夜 + 保持一个好的心情,04:38,1681,25,2020-08-25,风雪SY,63975896
BV1V5411h7XF,【夜阑】上官透X容齐丨罗云熙双生水仙丨谓夜将尽天将明,06:44,5341,357,2020-08-25,好燃啊灯,1663608
BV1XC4y1t7pV,【仙侠群像混剪 | 吹灭小山河】在他山眉海目间，寻到风花雪月,03:07,963,61,2020-08-25,柳小糖sukey,11655558
BV1q54y1U7fo,【双leo/奥利奥】《男后》改编/20分钟超长剧情向/强制小破车/先婚后爱/古风宫廷/生子/吴磊×罗云熙,19:12,2614,110,2020-08-25,唯觉樽前笑不成_,453533904
BV1EK411M7ax,2020.8.25   惊喜 8.28锁定屈臣氏年度狂欢盛典直播,00:40,258,1,2020-08-25,明霞公主,525417329
BV1Zt4y1U7xb,许凯/罗云熙◆◇是兄弟就来杀我◇◆赠 五行缺木的崽,06:12,732,9,2020-08-25,超级奶_,112053438
BV1jz4y1f7fY,有木有追剧的小伙伴，好喜欢润玉,00:16,202,3,2020-08-25,你在教我做事啊111,630802345
BV1BC4y1t74d,【八人合剪•全员BE】求不得//也逃不脱因果,03:49,820,3,2020-08-25,弥洛丨Miro,73679692
BV1e54y1e7JB,【润旭】【润玉X旭凤】千年之恋|| 是你在尽头等我（前世今生）,03:30,905,5,2020-08-25,雨山OVO,443032664
BV1rV411U7zg,车哪有虐爽|七夕玩个地牢捆绑play？就问你虐不虐！【罗云熙角色全虐戏高清合集】,08:51,3437,431,2020-08-25,Dr模摸熙MomoSie,321530055
BV1Kh411o76P,皓衣行   罗云熙  陈飞宇下班,00:27,733,0,2020-08-25,乖乖怀脾气,25852617
BV1gT4y1L7kw,磕 的 都 是 真 的,00:55,210,2,2020-08-25,什么都剪剪,4190642
BV1MA411n7Xd,全是蜜糖没有伤—这是谁家的沙雕总裁 ？笑死预警！圆圆哥哥原来你是这样的~ 罗云熙 袁帅,01:02,3055,29,2020-08-25,用户234846,484711906
BV1bT4y1L7BE,【罗云熙工作室】福利视频，今日七夕，不如就让这只白色小福蝶@罗云熙Leo 陪大家过吧,01:08,2799,29,2020-08-25,霜雪青吟,485735267
BV1tk4y1277M,桃花诺 蜜糖组 罗云熙X白鹿,03:15,276,6,2020-08-25,王二狗Aryana,1804983
BV1654y1e73N,【罗云熙✘白鹿||半是蜜糖半是伤】一个超甜的七夕小甜饼，一起恰柠檬吖！！,01:17,1554,12,2020-08-25,浅熙黛月,439460060
BV1s54y1e7tM,如果顾小五只是顾小五【刘昊然×彭小苒×罗云熙】【那只狐狸，等来了他的姑娘】【素写配音社】,05:30,1032,47,2020-08-25,素写配音社,110039303
BV1jh411o7X8,【罗云熙】七夕节倩女花絮大片，捉到一只神仙小哥哥！！,01:05,116,3,2020-08-25,浅熙黛月,439460060
BV15f4y1Q7f9,2020.8.25七夕福利＋专访,05:06,2619,8,2020-08-25,明霞公主,525417329
BV1rv411y7mM,【罗云熙】天下谁人配白衣，唯吾爱云熙。,00:30,129,4,2020-08-25,云熙有你,474855780
BV1rf4y1Q7wH,【配音剧】参辰·第八集·念断 胡冰卿·罗云熙·陈星旭·张雪迎,09:18,1417,63,2020-08-25,束之zhi,10264791
BV1XA411J7Wg,【皓衣行-飞云系】红衣罗云熙，女装陈飞宇,01:16,1.3万,78,2020-08-25,玉子不是鱼子,13221207
BV12p4y1v79K,【刘学义×罗云熙】禁忌丨玉荒记丨再不问来日方长❤斩荒×润玉,03:46,959,24,2020-08-25,葉杍君,20454591
BV1aT4y1L7MK,【罗云熙上官透|舔颜向】“看尽天下何人可似他无忧”,01:14,72,4,2020-08-25,拉拉落落Nano,1281610
BV1Ua4y177LU,【吹灭小山河/古装男神群像】在他山眉海目间 寻到风花雪月,03:07,202,68,2020-08-25,世事弄人擦肩过身,23107233
BV1KA411e7oQ,当上官透拿到渣男剧本,01:35,336,14,2020-08-25,剪刀手小仙女,298004461
BV19i4y1g7Tx,2020.8.25罗老板带你脱单→ →贴心倩女小课堂之七夕特别篇,00:51,108,0,2020-08-25,明霞公主,525417329
BV1wD4y1m7iH,2020.8.25今日七夕，可爱的白色小福蝶陪大家一起过,01:08,294,1,2020-08-25,明霞公主,525417329
BV19K4y1Y7HN,【林雨申|邬靖靖|逍芙】“申情一剪”七夕之《红尘微烫》逆转结局，真爱永恒！,03:07,666,113,2020-08-25,yoyoyu17,412449171
BV1q54y1e7zS,“我跨六世轮回而来，只为与你在娱乐圈再相逢”丨飞云系丨真相是假/真相是真丨陈飞宇×罗云熙,03:47,4548,60,2020-08-25,青衫盖住小黄花,12053592
BV1454y1U7R4,【罗云熙｜上官透】折枝花满衣｜七夕,03:27,101,3,2020-08-25,画饼大师昭明,8885698
BV1vZ4y1K7K5,【蛋糕生贺】【罗云熙×郭麒麟】梨花笑  赠@蛋蛋糕君,03:19,36,0,2020-08-25,仙女儿不吃甜,17572379
BV1xf4y1Q7V1,【迟迟语】《迟迟》我唱我自己？都快不认识迟字啦！好像银临《迟迟》B站女声首翻？附【罗云熙X彭小苒】剧情版MV,04:54,425,18,2020-08-25,迟迟语O_o,4443340
BV1ti4y1g78b,单放一个画中仙叶放与罗云熙的适配度【罗云熙】,00:09,187,7,2020-08-25,麻酱本酱,346627042
BV1Qf4y197AZ,【罗云熙／润玉】手部虐心特辑,01:11,52,0,2020-08-25,右介xi,301839106
BV1L54y1U7wx,【罗云熙‖陈飞宇】人间于此 欢喜是你 。【飞云系】混音【Class Fight+All the good girls go to hell】,02:22,206,4,2020-08-25,云熙有你,474855780
BV1XZ4y1K72S,【奥利奥|双Leo】祝我的cp七夕快乐 | 好喜欢你知不知道,01:23,847,44,2020-08-25,书皮狐狸,22555197
BV1354y1e7JQ,七夕怎么过？当然是和墙头一起过啊！,00:48,33,0,2020-08-25,Ryneeehoney,26503576
BV1cK4y1e7tg,【罗云熙•上官透】极致踩点！进来收获快乐！|个人舔颜向|,01:20,232,2,2020-08-25,琼羽惊梦,389125404
BV15T4y1L7LM,皓衣行路透，陈飞宇罗云熙余生付雪夜！,00:38,2.0万,18,2020-08-25,是江小姐呀,478353848
BV18a4y1776F,【罗云熙】大型求婚现场！！今晚的做梦素材有了！！七夕情人节要做甜甜的梦呦！！,01:28,1368,34,2020-08-25,亮亮and熙熙呀,473958728
BV1GZ4y1K7ud,【飞云系II陈飞宇X罗云熙】大笑江湖,02:46,136,0,2020-08-25,慕小小木,171297018
BV1JZ4y1K7Ca,【罗云熙倩女幽魂】罗老板的家园打卡3,06:18,31,0,2020-08-25,流萤踏火,2083929
BV1HC4y1t7kv,【润玉x斩荒】BL/相爱相杀/双生花 同人文/原创/b站特供,01:23,82,1,2020-08-25,卡哇伊的学长,66815957
BV1Cp4y1v7ba,【皓衣行】2分钟可以画点啥？速(xia)图流摸鱼儿,02:02,245,1,2020-08-25,姜桦,1657246
BV17i4y1M7HN,【七夕特辑|11对古装CP群像】请你吃糖！用苏公堤的打开方式，我的CP们永远只甜不虐，只HE不BE！,03:51,195,4,2020-08-25,退位熬夜神仙,280765312
BV15A411n7tW,Bloodshot（李易峰x罗云熙）剧情见简介,02:57,117,15,2020-08-25,熙熙攘攘的草,355787204
BV1kk4y117t5,【上官透×玉无心】迷心局·下,03:15,316,0,2020-08-25,橙子-AIMEE,15052638
BV1yp4y1v7Gh,【罗云熙】罗云熙8.24出工和收工视频，又是近14个小时的辛苦工作,00:19,826,0,2020-08-25,程程看影视,613619264
BV1UD4y127JW,【罗云熙图片合集】祝看到这个视频的女孩子都在今天脱单！,00:09,18,0,2020-08-25,这里乃熙,501330424
BV1Hi4y1M7p7,容齐，你家上官走秀喊你喝药啦！【罗云熙水仙|容齐|行走的秀】,03:28,682,59,2020-08-25,小周小周能睡弋周,35903437
BV15f4y1Q7Rm,【飞云系】将军X西齐皇帝｜宁缺X容齐｜碎裂光阴写下怜花句｜虐心剧情向,03:59,258,4,2020-08-25,sun_umiiiii,492343314
BV1dv411y7Aa,【伪东宫】‖路边的男人不要随便救,03:03,88,7,2020-08-25,天天在家吃土兔,470821569
BV1gK411M7HH,『陈钰琪x罗云熙 月上重火』若非万种飞烟都过眼，怎会迷恋巫山的那一片,04:09,96,0,2020-08-25,陈钰琪66,628250816
BV1Q54y1U7Kv,楚晚宁大型双标现场【罗云熙x陈飞宇x吴磊】像极了皓衣行楚晚宁对踏仙君和墨微雨,00:31,8991,33,2020-08-25,上联广东广西有东西,602128624
BV1H54y1U7Aq,罗云熙 | 太子齐X摄政王透 -【秋储斗来是心动】朕思你，慕你，势在必得‖ 私心独悦，乐之无量,02:16,2615,190,2020-08-25,天妃已肾亏,157294358
BV1wk4y127wX,【七夕特辑】天 帝 的 后 宫 |水仙向|你想要的CP我都有|点击视频收获快落,03:58,1344,70,2020-08-25,溱桑不是受,29872622
BV1ef4y1Q7V2,【霍元甲|古装高燃打戏混剪】江湖年少，过错软弱从来不属于我,02:00,186,2,2020-08-24,芐苡,278742564
BV1Jf4y1Q7fv,【罗云熙丨上官透个人向】隔岸,00:52,36,0,2020-08-24,果果混剪,281113087
BV1WC4y1t7ew,七夕猛亲罗云熙（不是,01:42,72,2,2020-08-24,每天都想啵啵弋,259591288
BV1kV411U7ww,论罗云熙和二次元的适配度【第三波】——1脸14图Ⅲ【罗云熙】,02:08,1269,98,2020-08-24,麻酱本酱,346627042
BV1ia4y177d2,【古筝/不谓侠】罗云熙•上官透/虞楚之,00:22,51,1,2020-08-24,爱十三的小灏灏,15044605
BV1N5411h7gU,【罗云熙七夕水仙】命中注定我爱你 又名：夜神化身月老磕cp,03:39,794,60,2020-08-24,红泥不煮酒,125151927
BV1UZ4y1K7rZ,皓衣行路透，罗云熙红色婚服造型曝光！,00:31,9073,16,2020-08-24,是江小姐呀,478353848
BV1sa4y177Vd,【罗云熙】绝美分针合集,44:12,48,0,2020-08-24,想要一个弋,606547580
BV1JC4y1t793,【缘起三生凡尘错前尘篇下】【罗云熙X赵丽颖】你是我终躲不掉的情劫,03:17,657,25,2020-08-24,槐序知十九,403113039
BV1xK4y1Y7Jm,【初见|飞云系|虐向|陈飞宇×罗云熙】若如初见，为谁而归。,04:26,624,5,2020-08-24,死生之巅巅草,526765275
BV1S54y1U7jH,【灵婴大电影】罗云熙×迪丽热巴×赵丽颖|原创剧情大电影 第一部,31:40,2376,235,2020-08-24,美颜制造机,196095436
BV13Z4y1K7X9,【百变润玉混剪|罗云熙】燃尽人间色|不染,04:51,19,0,2020-08-24,-嘻瓜瓜,37729533
BV1754y1e76p,【直男看娱乐】情人之当红男演员们舞蹈混剪（踩点向）—七夕福利篇,03:27,5046,546,2020-08-24,直男看娱乐,493993543
BV1f541187PE,【罗云熙×鞠婧祎】暗香|“民国爱情 十有九悲”,02:29,166,6,2020-08-24,六号相扑选手,515130813
BV1jh411o7ae,【狐作非为】第二集（迪丽热巴×高伟光×肖战×朱一龙×邓伦×罗云熙×王一博）,15:01,379,3,2020-08-24,热热热酒,567040000
BV1Wv411i7nq,古装白衣少年群像/打戏剪辑,03:04,119,2,2020-08-24,痴恩尘chen,371357476
BV1S54y1U7tL,【凤Q凰第六集】（配音版）迪丽热巴×罗云熙×刘昊然×许凯×吴磊×白敬亭×王俊凯,10:22,896,19,2020-08-24,美颜制造机,196095436
BV1av411i7px,【罗云熙】谁舍得让美人含泪~,04:36,128,9,2020-08-24,美颜制造机,196095436
BV19A411J7Ea,【罗云熙/缘起翻唱】女声翻唱缘起，高清配歌词版本,04:04,26,0,2020-08-24,SA船长RA,425369254
BV1Sp4y1v7UA,皓衣行||人活着就是为了晚宁啊,00:15,1640,0,2020-08-24,布拉芙德,413341957
BV13A411n7Ma,【罗云熙 | 庚子鼠年七月初六，熙哥微博粉丝突破2500万！一定要穿的红红火火来庆祝啊！好运来！】,00:25,856,42,2020-08-24,城南的苏打水,649888709
BV1Kk4y127Q5,【赵丽颖×罗云熙】小南辰王×时宜|一生一世美人骨|相思,06:33,782,20,2020-08-24,那只HULI,129113196
BV1Lh411o79r,【大道朝天·仙侠风伪预告】大道朝天 各走一边（罗云熙/陈坤/白敬亭/赵丽颖）,02:12,9904,219,2020-08-24,兰彻lancche,9813844
BV1NA411n7Ev,【剧情向/AU】（升级版）如果《皓衣行》发生在现代| 死生之巅医学院的日常| 沙雕| 虐| 甜| 脑洞《二哈和他的白猫师尊》 罗云熙 陈飞宇 周奇 |,06:38,418,21,2020-08-24,luxiaolubuhefa,3987008
BV1gk4y127hr,【罗云熙水仙/申赫＆剧恒】等待不期而遇 第九集,05:44,701,99,2020-08-24,弈小舞O_o,480404948
BV1xZ4y1K76Q,【仙魔】《司夜明》(润玉x司凤)［2］,17:33,735,20,2020-08-24,橘子你个emm,328249771
BV11t4y1U7tj,【皓衣行】罗云熙这身姿，我馋了,00:24,3930,7,2020-08-24,玉子不是鱼子,13221207
BV17i4y1g7K5,罗云熙丨润玉丨高燃高A事业向丨十方俱灭,02:22,180,4,2020-08-24,终于缄默,671908493
BV1Ea4y177gs,【电竞男神101组合|高燃踩点】这个阵容只能在梦里【罗云熙|张彬彬|王一博|胡一天|杨洋|吴磊|鹿晗】,01:55,258,11,2020-08-24,瓦罗然瓦罗兰,4090496
BV1E54y1e74U,【快穿之你的外挂已到账】【原创自制剧情向】肖战x刘诗诗x王一菲x罗云熙||快穿第二章（润玉穗禾篇）事业组的正确打开方式,10:12,2281,84,2020-08-24,岁岁如初见,212020792
BV1Ua4y177x5,我们的师尊是楚晚宁，不是罗云熙.他只不过是东施效颦。,00:33,910,12,2020-08-24,叫我魏远道,666805595
BV1FK411M73V,没 有 人 比 我 更 懂 舞 蹈,04:00,2.4万,110,2020-08-24,噬元兽影视,408672114
BV1Rp4y1v79Q,【王一博｜罗云熙】执念结的果,02:17,53,1,2020-08-24,左揽繁弱i,315455960
BV1ep4y1v7fT,罗云熙花千骨,01:49,67,0,2020-08-24,73826082738_bili,420441832
BV14T4y1L7Ry,8.24日熙熙子  飞鱼上班,00:44,672,1,2020-08-24,乖乖怀脾气,25852617
BV1Qh411d7sc,【剧版忘羡|师门爬墙记】第三集|王一博X肖战X赵丽颖X罗云熙X邓伦,08:27,1.2万,399,2020-08-24,我叫阿汤_,500937721
BV1P5411h76D,【罗云熙】罗云熙的神演技神造型｜Endless War｜罗云熙个人向混剪｜燃向踩点,03:54,2406,110,2020-08-24,G小玖,14881085
BV1gp4y1i7tA,罗云熙陈飞宇皓衣行路透，燃晚温泉共浴！,00:32,2.7万,28,2020-08-24,luna370,327497673
BV15i4y1M7vb,【全员情种】【台词向】【虐向】 | 七夕特辑 | 此情可待成追忆，只是当时已惘然,02:54,318,2,2020-08-24,小雪花爱吃哈西瓜,394072377
BV1h54y1e7hB,【碧海沧溟 片头】迪丽热巴x白凤九 魏无羡x肖战 罗云熙x润玉 碧瑶x赵丽颖 白浅x杨幂 刘学义x斩荒 岑欢x祝绪丹 旭凤x邓伦 穗禾x王一菲,01:49,1431,20,2020-08-24,苏楠瑾,448820201
BV1yV411U7x1,“她已经把你给忘了”,00:35,73,0,2020-08-24,沈檬orange,32092734
BV1Sa4y177sb,当作恶多端的黑衣银发大魔王和白衣小蝴蝶，久别重逢 【罗云熙】,00:48,2088,20,2020-08-24,倩女幽魂手游菌,324505126
BV1kk4y117Ba,【罗云熙｜夜神大殿｜润玉】天帝前布星台上的夜神大殿,00:41,47,0,2020-08-24,如懿良君,650594232
BV1H54y1e7g7,成毅/郑业成/李明德/丁禹兮/罗云熙/张耀【我和我一百五十位现任前任的心动片段】（为我喜欢的以及曾经喜欢过的至少一百五十位男主们做个纪念）【一】,27:12,78,3,2020-08-24,饮酒赏花浪天涯,38309870
BV1p54y1U7aH,【魏无羡｜上官透】未经他人苦 莫劝他人善罢了,03:59,44,0,2020-08-24,-沙与沫-,26954794
BV16C4y1t75E,【闲情诗 | 罗云熙中心向拉郎】20对cp贺七夕 | 青衫伴钗裙，到年年岁岁,02:55,224,29,2020-08-24,凝九九Ni,5739981
BV1L54y1e7mX,2020.8.24大魔王和小福蝶的故事,00:53,1439,14,2020-08-24,明霞公主,525417329
BV1Dh411d75m,粉衣熙熙很帅气,00:16,32,0,2020-08-24,思于夕,645013366
BV1mD4y127LH,【皓衣行】高清版师尊跟他的弟子们,01:16,9282,10,2020-08-24,玉子不是鱼子,13221207
BV1e54y1U7n3,【花雨落｜上官透×容齐×润玉】花雨落庭前 温酒等君来,03:26,194,7,2020-08-24,奥利奥里的夹心吖,388730232
BV1t54y1e7Dp,【古装美男群像】穿越时光的月照亮今夜,04:39,237,3,2020-08-24,拔丝Laputa,633750
BV1B54y1e7Jv,【七夕2020】一大波比心舞送给你们!,04:58,76,0,2020-08-24,量子音乐,332613517
BV1pC4y1t7D3,【半生你我 】｜万茜 黄晓明 罗云熙｜乱世纷争，浮萍逐水。 天下分合，权谋争斗。,08:52,1511,214,2020-08-24,沉缨_,7319732
BV1L54y1e7Gz,爱他不是占有而是做有利他的事,01:28,35,1,2020-08-24,净见,598304684
BV1z54y1e7K3,《夜舞倾城》第三集【鞠婧祎x罗云熙x肖战】,08:07,216,11,2020-08-24,苏伦特A,8128750
BV18p4y1v7iZ,别问，问就是一起上班的好同事…,00:44,3331,0,2020-08-24,西洲汀里,257433625
BV1864y1c7Fj,【罗云熙】月上重火上官透打戏行云流水，高燃混剪。,03:19,55,16,2020-08-24,落雪LOVE云熙,401111648
BV1J54y1U7g9,【月上无垢‖连城璧✘上官透‖朱一龙✘罗云熙】第五集,09:33,242,2,2020-08-24,早晨的阳光正好,516948662
BV1KA411n7E3,【罗云熙 | 白衣合集】翩翩公子，温润如玉，气质如兰，心目中最适合白衣的男演员，没有之一(不管古装现代装，一样绝色),01:52,191,4,2020-08-24,城南的苏打水,649888709
BV1CV411U7Gy,【古装美男群像】十一人合剪 | 之七夕忆那些年换过的老公们,03:43,737,46,2020-08-24,-枝上雪,486829778
BV1UA411J7n4,[cp]8.23晚上22:05熙熙子下班8.23晚上21：52分飞鱼下班,00:18,882,0,2020-08-24,乖乖怀脾气,25852617
BV1YT4y1L7jm,8.23下午13：48分熙熙子上班，8.23下午14：26飞鱼上班,00:55,551,0,2020-08-24,乖乖怀脾气,25852617
BV1Cv411y79H,殿下没救了【迪丽热巴/罗云熙/任嘉伦/白敬亭】,20:10,4857,101,2020-08-24,阿乔呀阿乔,12688938
BV1o541187dJ,子慕予兮善窈窕,04:17,22,0,2020-08-24,净见,598304684
BV1bf4y1Q7VJ,2019.7.8 宁波罗蒙 罗云熙,00:46,52,1,2020-08-24,LetMeDieADie,43853574
BV11i4y1g7Jx,【润玉】The Way - 夜神到天帝之路（踩点练习）,03:17,43,0,2020-08-24,SonyaLiao,295608742
BV1RT4y157L6,【罗云熙】皓衣行双人路透花絮,00:23,3011,0,2020-08-24,杂粮菌,18120206
BV1p54y1U71w,刘亦菲｜肖战｜倪妮｜罗云熙｜宋威龙【伪女尊》《大奥：花木兰将军与三千美男》,01:34,386,7,2020-08-24,荷娜erica,21650162
BV1654y1U7Zc,【陈飞宇×罗云熙】他人即地狱 拉郎,02:03,83,1,2020-08-24,薯片罐加糖,31654172
BV17i4y1M798,围观大型修罗场,04:38,138,1,2020-08-24,素食唐唐,666779603
BV1SZ4y1K7C4,【飞云系｜罗云熙 / 陈飞宇】为你读诗,01:54,131,0,2020-08-24,w-达不溜-w,11319980
BV1Vh411o7QS,【飞云系｜罗云熙 / 陈飞宇】小朋友,04:45,230,0,2020-08-24,w-达不溜-w,11319980
BV1gh411o7Lc,【飞云系｜罗云熙 / 陈飞宇】缺玉师徒日常,02:46,142,1,2020-08-24,w-达不溜-w,11319980
BV1mf4y197Lh,【罗云熙|上官透|润玉|虞楚之】忘记时间|沿着记忆的路线，到最深处，纵然那只是瞬间,03:47,124,5,2020-08-24,兮安why,434194124
BV1ki4y1g79Q,罗云熙   酒不醉人人自醉  水仙向,01:07,144,8,2020-08-24,罗云熙视频平台打投组,651617588
BV1Yz4y1f7eG,【成毅x罗云熙||禹司凤x润玉】【上邪】美强惨cp预告,00:43,219,0,2020-08-23,墨芊涯,17332874
BV1Dh411d72w,【双Leo】囍“唢呐一出，不是大喜便是大悲”//全员BE预警//奥利奥,02:18,1622,40,2020-08-23,Sylvia_GG,54209840
BV1ef4y1Q74G,罗云熙的园游vlog：迪士尼之旅！,03:38,31,0,2020-08-23,海绵宝宝的升职ing,369530210
BV1bz4y1f7CZ,【罗云熙赵丽颖】他们带着宠物款款走来，喜欢吗,00:58,112,0,2020-08-23,程程看影视,613619264
BV1UA411J7PQ,师尊这仪态绝了！来看仙子走路,00:20,4721,0,2020-08-23,心动收藏家od,322729836
BV1Uf4y197C6,【罗云熙l润玉l霸气天帝】看看我玉一次次的隐忍最终换来的是什么，最后哪有什么黑化，那只是觉醒而已！,00:32,52,0,2020-08-23,aien熙,483813308
BV1La4y177vA,锦觅@润玉@一转身就不小心丢了你，,05:03,114,0,2020-08-23,沈云溪,334590009
BV1oC4y1t7Aw,【罗云熙】秦博士合集,09:40,285,2,2020-08-23,想要一个弋,606547580
BV11f4y197up,【罗云熙|王艳】国师府小公子与侠女小公举跨越分辨率的甜蜜故事,01:30,106,0,2020-08-23,没带小鹿,8799954
BV17i4y1M7do,踩点练习（没有踩到）,00:17,57,0,2020-08-23,沈檬orange,32092734
BV15h411o79X,罗云熙你可以在我的音乐盒里跳舞吗｜Ponds广告舞蹈还原,00:41,42,1,2020-08-23,银撒嘛嘛,399558388
BV1pv411i7BM,风流潇洒的上官透挥扇打戏也太A了吧,00:29,32,0,2020-08-23,a糖九,386248445
BV1Uf4y197GR,【打卡】罗云熙·润玉 ‖ 云间 ‖一只神仙飘过去！,01:27,539,55,2020-08-23,猫䓉,448802191
BV1Z541187se,【古装男神群像】进来白嫖美男子啊,02:00,46,0,2020-08-23,汽水没瓶盖,439392838
BV1SD4y1275r,果然，只有长的好看的才配修仙！,02:05,6761,67,2020-08-23,有个仙人他很闲,382223104
BV1eT4y1L7jD,刘诗诗x罗云熙 | 说书人,00:52,1385,42,2020-08-23,江户川元芳桑,7411502
BV1k54y1U7te,JBOY3,18:10,157,6,2020-08-23,明霞公主,525417329
BV1wT4y1L7W3,罗云熙楚晚宁皓衣行路透！,00:32,1.6万,21,2020-08-23,luna370,327497673
BV1tT4y1L7Uz,最后的最后，他成了天帝，庇佑她在凡世一世平安！,02:00,454,4,2020-08-23,浮华逝之路漫漫,582156173
BV1La4y177zJ,上官透×顾念彤‖罗云熙×夏茉▪魔教妖女爱上风流俏公子▪是风动还是幡动，是我心动,01:13,126,5,2020-08-23,月上谷的五公子,38494481
BV1gp4y1i7pr,【润玉】【水仙】缠 第六集,10:07,1082,82,2020-08-23,镜花水月もの,169880617
BV19k4y117uF,【润玉】罪己诏（润玉角色自白书）,02:10,18,1,2020-08-23,SonyaLiao,295608742
BV1yt4y1U7MB,【罗云熙 Leo 白发·Princess Silver】发布会独家VCR,01:52,237,0,2020-08-23,yellgin,1798703
BV1XK411T7LK,【混剪】「罗云熙✘彭小苒」这 就 是 小说中 的 虐 文 男 女 主 啊！我救过很多人，却救不了挚爱的你！本以为青梅竹马可以从校服到婚纱，却还是be了！哭了！,03:19,504,23,2020-08-23,亮亮and熙熙呀,473958728
BV1Lk4y1274z,【罗云熙考古 | 那个相处5年的前女友】熙哥专情痴情，是润玉现实的真实写照。,02:03,4684,70,2020-08-23,城南的苏打水,649888709
BV1V54y1e7dh,【锦觅x润玉||香蜜衍生】缘,03:49,765,23,2020-08-23,xinxin冰淇淋,32918361
BV1Kt4y1Q7Ea,【罗云熙|润玉水仙】天后又跑路啦【前传＋跑路(完整版大合集！)】天帝(腹黑爹系攻)×胖头鱼(好骗哭包受)【前期病娇/黑化/强制爱/后期狗粮/温馨/日常向】,06:16:35,1438,141,2020-08-23,苏子柒丨离诺,163509852
BV16C4y1t71A,【饭制连续剧·第九集】刘诗诗罗云熙朱一龙 版《春日宴》,10:01,1867,226,2020-08-23,-红家小狮子-,15255192
BV1mK4y1Y7dA,【校园cp】何以笙箫默-何以琛X赵默笙 大学时光CUT||罗云熙/吴倩,01:31:05,1301,36,2020-08-23,枫影倾误,386144438
BV1Ci4y1g7YR,【禹司凤x润玉】龙凤组合，两个温柔到极致的男人,00:37,357,0,2020-08-23,小雨爱剪辑yy,596035688
BV1H54y1U7Cb,【盘点】古装剧中回答从未爱过的虐心场面,02:26,53,0,2020-08-23,J__USST,498963238
BV19541187nR,【月上重火】罗云熙上官透,00:30,10,0,2020-08-23,你的风师大人,385219688
BV1M54y1e7xj,【世家】京徽梦华录,04:47,186,2,2020-08-23,-娇娇儿,19874288
BV13t4y1Q7MR,【b站顶级修仙男颜盛宴】不要惹神仙哦，不然把你们统统抓回去当小老婆！,02:02,944,14,2020-08-23,有个仙人他很闲,382223104
BV1Sp4y1v7xD,【学霸日常】玉齐透自习直播间,05:33,858,66,2020-08-23,千夜Knight,9322012
BV15i4y1M78U,洗糖变喜糖！[怪我咯][怪我咯][怪我咯,00:18,8995,2,2020-08-23,若若和离离,400975945
BV1254y1e7xG,古装男子群像丨黯然销魂丨向来风花雪月动人,01:38,224,5,2020-08-23,陌花玉,6086363
BV1QK411T7mx,【罗云熙/上官透】钗头凤  桃花落。闲池阁。山盟虽在，锦书难托。,02:51,97,0,2020-08-23,右介xi,301839106
BV1GA411n75M,罗云熙 倩女 太勾魂了叭,00:10,98,1,2020-08-23,萌萌没有站起来,393165591
BV1ti4y1g7ga,【琉璃番外之天诛传奇】论帝君能诛多少美强惨？,01:14,635,4,2020-08-23,今天郡王思春了吗,32137148
BV1b5411h71j,▸我是我哥的神助攻 丨罗云熙×孙铱×谭松韵 丨台词向丨“我把我哥送给你”,02:26,208,0,2020-08-23,曲奇已被注册-,373575199
BV1FK4y1e78s,【飞云系】系宝 解密七夕背后的故事…,03:29,439,10,2020-08-23,霉233,31004746
BV1o541187jQ,霸道腹黑大少爷，温文儒雅二少爷，调皮捣蛋小少爷,00:43,213,1,2020-08-23,宋宋宋宋姑娘,299387046
BV1JZ4y1K7aE,【不负相见｜歌词向】【罗云熙X陈钰琪】【透芝CP】重来一遍，愿做彼此平凡少年,05:52,934,66,2020-08-23,是罗云熙得不到的女人,283678062
BV1zp4y1v79a,论罗云熙和二次元的适配度【第二波】——同一张脸14个二次元‖【罗云熙】,02:07,4256,130,2020-08-23,麻酱本酱,346627042
BV1op4y1v7xu,【叶轻眉】迪丽热巴x罗云熙x于朦胧x白敬亭||看轻天下须眉||一个预告,00:35,253,0,2020-08-23,你没有心动哦,36797229
BV1QC4y1t7kg,【樟木巷】黑衣夜行人不偷钱也不偷粮～【罗云熙水仙|容齐|润玉|行走的秀】,01:27,498,35,2020-08-23,小周小周能睡弋周,35903437
BV1ni4y1M7kL,【少年组-何以琛*赵默笙cut合集】赵默笙，你跑这么慢，我当初是怎么让你追上的？,01:44:54,1220,42,2020-08-23,温蒂酱酱酱,10414549
BV1Wf4y1Q7Ld,双JL,15:48,88,0,2020-08-23,明霞公主,525417329
BV1CK411T7Mq,火锅CP《帝王策丨男妃》第四集 权谋虐向丨君当作磐石，妾当作蒲苇 【朱一龙&amp;罗云熙】【连城璧&amp;润玉】,06:55,5106,287,2020-08-23,轩辕玖少,484872538
BV1g5411h7d7,罗云熙,00:12,438,3,2020-08-23,白浅屠城,114159892
BV19h411d76C,【罗云熙/申赫/润玉/容齐】自印明信片,05:58,18,0,2020-08-23,阿筱的小兔子,30128131
BV1tC4y1t7He,【皓衣行-飞云系】狗狗又逗猫宁,00:21,1.1万,5,2020-08-23,玉子不是鱼子,13221207
BV1vD4y1278B,【师叔你这样很容易失去我|第六集】【陈钰琪X罗云熙X邓伦X杨紫】,07:32,612,32,2020-08-23,花沉湘,86940011
BV16V411U7Gu,皓衣行||  《二哈与他的白猫师尊 》原著剧情向 【重生后 彩蝶镇】 罗云熙&amp;陈飞宇,03:35,906,7,2020-08-23,荌且吉兮,22130018
BV1MD4y1m7Xf,【罗云熙】现代装的一眼万年,00:16,86,0,2020-08-23,程程看影视,613619264
BV1Xp4y1v7GM,【李洙赫x罗云熙】重生源计划 | 牢底坐穿夫夫的强强对A不来嗑一下吗！,00:46,2572,44,2020-08-23,小龙仙堡的龙崽饲养员,454638365
BV1Jv411i7sh,"ENG CC[livestream]20.8.19 LuoYunxi shares his new dramas, skincare draws picture",16:17,60,0,2020-08-23,yellgin,1798703
BV16K411T7Sb,罗云熙新剧上演深情“眼神杀”苏到爆 拍完热情回应粉丝超暖心,00:54,6805,27,2020-08-23,yellgin,1798703
BV1vV411U7Ei,【北落师门】古早深宫虐恋小说改编完整版 | 罗云熙×刘诗诗×朱一龙×吴磊 |半世年华，如今都成一生回忆,15:20,5922,200,2020-08-23,梨雨浅浅,98825598
BV1yK411T7Nf,故人,00:29,35,0,2020-08-23,暮夜梧桐,497474135
BV1up4y1i7Pa,刺杀·赫拉剧情版,00:56,50,0,2020-08-23,60738271640_bili,374628552
BV1Uf4y1974Q,刺杀.赫拉-Grind me down,00:39,44,0,2020-08-23,60738271640_bili,374628552
BV1ii4y1g7Mf,《看看星闻》-何以笙箫默 “小以琛”罗云熙：父爱泛滥想当爸 Kankan News【SMG新闻超清版】,01:42,145,2,2020-08-23,yellgin,1798703
BV1XV411U7f1,罗云熙对医生角色情有独钟 和吴倩合作更默契,01:19,554,2,2020-08-23,yellgin,1798703
BV1Ja4y177AL,[cp]8.23凌晨0.03熙熙子下班8.23凌晨0:03飞飞鱼下班晚安！,00:24,829,0,2020-08-23,乖乖怀脾气,25852617
BV12v411y79n,8.22上午9：51熙熙子上班，晩上19：22分拍夜戏，8.22中午11：50飞鱼上班。,01:26,753,0,2020-08-23,乖乖怀脾气,25852617
BV1dC4y1t7hU,【罗云熙x成毅‖润玉×司凤】美强惨组合也想拥有甜甜的恋爱！,01:40,263,1,2020-08-23,Sgr慕梓梓,174327050
BV1254y1e7ET,潤玉打架大會,03:32,65,0,2020-08-23,大騙子小妮子,668665486
BV1cp4y1i7d6,缘起 罗云熙 日落吹长笛,04:04,187,3,2020-08-23,赋来吟盼,617948303
BV1BK4y1Y7xt,【rest|回忆向】《白发》片头曲+片尾曲,04:00,33,3,2020-08-23,rest啦,484457167
BV1Ba4y1778v,【玉透/芋头】《郎君，双修否》白切黑的腹黑小郎君＆披着狐狸皮的颜控小白兔〖润玉×上官透〗没有下集，不要期待！,01:18,968,26,2020-08-23,卿梦慕九熙,100692397
BV15T4y1L7jc,【罗云熙】你欲擒故纵，我含苞待放，你蓄势待发，我性感妖艳。【Savage】,02:44,234,1,2020-08-23,云熙有你,474855780
BV15v411i7mr,【罗云熙】皓衣行路透花絮,00:23,2965,0,2020-08-23,杂粮菌,18120206
BV1zZ4y1K7fr,【罗云熙】封面 闭上眼全是你~罗云熙版来啦,00:10,22,0,2020-08-23,松霁-百家,519674320
BV1D54y1U72s,【凡心劫】第三十七集（朱一龙x罗云熙）,03:07,257,1,2020-08-23,桃花雨凉zyt,401870957
BV1rk4y117XZ,旁氏直播罗云熙高清饭拍 | 现场直拍跟精修图无差别的男人！！,01:04,324,0,2020-08-23,凉风树,11545203
BV1gT4y1L7QY,【倪妮X罗云熙】传奇 墨舞碧歌 鸿儒皆笑话疯癫 敢要日月换新脸,08:20,45,0,2020-08-23,万里笑逢迎,5006195
BV1mp4y1v7Jk,【迪丽热巴×罗云熙||这一千多年的执念是否到了该放弃的时候】生生世世的渴求，一句喜欢一生恪守。放下了万世红尘，却放不下你一面,05:05,1262,14,2020-08-23,草酉少一,438509375
BV19v411y721,【容齐×扶摇｜罗云熙×杨幂】前朝公主（一）,03:02,216,2,2020-08-23,吃不吃麻辣,271934388
BV12D4y127DE,【山河枕|赵丽颖x刘昊然||陈晓x迪丽热巴】天地为席，山河作枕，你在之处，便是漫漫余生|摸鱼,02:27,301,2,2020-08-23,-舟雪洒寒灯-,522067456
BV1s54y1U7mb,罗云熙★上官透纯舔颜,02:10,102,0,2020-08-22,好运的郑小花,476910477
BV1zD4y127rq,润玉@锦觅@当爱变成彼此的枷锁，我会亲手毁掉对你爱，,04:37,209,1,2020-08-22,沈云溪,334590009
BV1C54y1e73n,【彩铅绘画教学】罗云熙人物头像,03:51:56,21,0,2020-08-22,绘灵创作彩铅,669258875
BV1jh411o7my,【罗云熙×热巴】壁上观‖女将军×帝皇，我最大的心愿，就是看到你心愿得偿,01:08,868,3,2020-08-22,吃不胖的七大王,37515498
BV1mC4y1t7Kp,皓衣行  飞云系,01:30,6432,3,2020-08-22,甜团吖,265699557
BV1b54y1U7WY,【混剪】【罗云熙✘张予曦】民国虐恋！！这就是所谓的虐文男女主啊！！,01:33,381,4,2020-08-22,亮亮and熙熙呀,473958728
BV1xT4y1L7o2,【离人心上】薛曜将军究竟行不行  |上半场-初月：薛曜你是不是不行啊&amp;下半场-我让你看看我行不行,04:02,1572,15,2020-08-22,罗云熙_Leo,38245797
BV16Z4y1K7RR,世界那么大，帅哥那么多，快来体会广撒渔网的快乐,00:19,210,0,2020-08-22,龙云小郡主,405599717
BV1ep4y1v7yH,[让酒‖古装男子群像]但屈指西风几时来，又不道流年暗中偷换。,04:21,89,1,2020-08-22,南鄉子_Christal,352488327
BV1Wa4y1773f,【月上锦衣】当片头曲集齐各种铜矿镜头，我又磕到了！（陆绎×上官透 | 任嘉伦×罗云熙）,02:09,3528,97,2020-08-22,未名柒柒,19022637
BV11h41197Tz,【沙雕】哪个马甲是罗云熙旗下最靓的仔？【罗云熙】,02:51,428,11,2020-08-22,麻酱本酱,346627042
BV1Ga4y1775T,【润玉】“就算散尽灵力，我也心甘情愿，万一，她回头了呢”,03:33,107,0,2020-08-22,0oooooye,627196882
BV1sC4y1t7hN,【我曾纯粹爱过你】赵丽颖·杨幂·迪丽热巴·刘亦菲（友情演出工具人|| 王一博·罗云熙）,04:21,1153,13,2020-08-22,gjysmell,6832783
BV1jT4y1L7vS,白发最惨人物之 容齐，容棋！请容我一局棋，以爱为筹码、命做盘，下到肝肠寸断，亦不悔！,00:47,59,0,2020-08-22,云Chen0511,584556450
BV1kh41197pU,【来自芳心纵火犯的自辩·沙雕·连环画·小剧场】【罗云熙】,02:02,626,1,2020-08-22,麻酱本酱,346627042
BV1Zh411d7hn,【罗云熙】8.22两次出工视频，早上粉色晚间蓝色，又要拍夜戏啦,00:18,2290,0,2020-08-22,程程看影视,613619264
BV1ai4y1g7nc,【高虐/混剪】那些爱而不得的美强惨白月光男二,02:30,201,8,2020-08-22,紫薯女士,287742035
BV1dK411T7Xq,【润玉】极限一换一，男主真是编剧亲儿子,05:06,2251,69,2020-08-22,温蒂酱酱酱,10414549
BV1y64y1c71D,罗云熙|润玉 心动狙击♥狙击你的心脏 每一秒都帅在点上,03:27,99,0,2020-08-22,糖葫芦上有糖,16156041
BV1ZD4y127r9,【雷雨云|陈飞宇VS罗云熙VS吴磊】全员Alpha：忍住!!!不要咽口水,02:01,2728,75,2020-08-22,十二鸢夜,661237788
BV1SV411U7iy,【罗云熙|润玉|上官透】沙雕合集2,00:28,161,2,2020-08-22,熙扬公子,434493181
BV11a4y1J7Ct,【罗云熙水仙剧】天帝×小鱼⑦ | 微沙雕 | 暖心,02:20,587,4,2020-08-22,漫思水,303901333
BV1gk4y127Q4,【罗云熙】仙人下凡尘,00:10,919,0,2020-08-22,杂粮菌,18120206
BV1Bh411977P,【罗云熙 | 皓衣行 】速进！感受各位主创的颜值暴击！上到实力前辈，下到实力新星！,01:26,2271,8,2020-08-22,城南的苏打水,649888709
BV1uK411M7po,〖奥利奥〗〖白猫の摸鱼小剧场〗（不定时更新）沙雕|甜宠|虐恋|舔颜|踩点|土味|你想要的都会有,03:11,1264,53,2020-08-22,不是咸鱼是白猫啊,636401318
BV1zD4y127Rv,【海底月是天上月，眼前人是心上人】【润玉all】,04:12,50,0,2020-08-22,净空绯夜,345302225
BV1X54y1U7dS,罗云熙 这也太好看了吧,00:10,191,0,2020-08-22,海带宝宝,400799413
BV1FV411S7SB,【罗云熙｜旁氏】20200819下班，只怪哥哥太好康，馅儿的镜头都害羞了～,00:48,6017,16,2020-08-22,二熙的宝贝馅儿,43269068
BV1Hf4y1Q7e6,【罗云熙|润玉水仙】天后又跑路啦【大结局(甜甜)】陛下(爹系腹黑攻)×胖头鱼(好骗哭包受),11:27,1314,218,2020-08-22,苏子柒丨离诺,163509852
BV1sT4y1L741,【彻骨伤】【刘昊然/罗云熙X张天爱】|| 思相不过如风如一场笙歌,02:25,120,0,2020-08-22,Annie---Q,23976629
BV1eV411U7ZH,【月下重火|角色cp全员be向】“他不懂你的心假装冷静，他不懂爱情把他当游戏”,03:02,576,16,2020-08-22,粽粽粽糖,259909641
BV1dK411T7cj,【邓伦罗云熙】【旭润】【旭凤×润玉】重相见 第三集加长版,09:10,715,12,2020-08-22,机灵鬼艾莉,398503371
BV1ha4y177kL,【龙凤cp｜润玉X司凤】罗云熙X成毅｜小甜饼｜苏公堤｜来看神仙谈恋爱~,01:40,319,5,2020-08-22,小千葭,10097354
BV1Lf4y1Q7NZ,【反派他过分美丽】真人选角群像\原著by骑鲸南去\绝世小甜文，绝代少女攻,03:28,1240,1,2020-08-22,黑小宝166,344315190
BV1Pt4y1S7wG,【被神宠爱合集】我要把帅哥都包了！！！你是喜欢神明、或大（二）殿下、恶魔、勇者、少年呢，还是小黑龙呢？,10:17,231,1,2020-08-22,慕阳1024,422761774
BV1r64y1c7wy,【罗云熙|混剪】用仙剑奇侠传三的方式打开罗云熙,01:43,250,3,2020-08-22,阿玖是小兔子,169287465
BV1Kh411o7vw,【琉璃玉骨 | 罗刹鸟 | 清凉一夏】你的眼睛 看起来很好吃！！！罗云熙&amp;赵丽颖&amp;成毅&amp;袁冰妍集体黑化,04:16,643,2,2020-08-22,稚梦小仙子,14125525
BV1q54y1U798,仅供中国人修仙参考，千万不要被歪果仁看到，不然解释不清了,02:02,8245,32,2020-08-22,有个仙人他很闲,382223104
BV1ZD4y127hG,【朱一龙x罗云熙】来自地星的你 第四集（持续更新中）,10:53,423,20,2020-08-22,非酋_咕咕怪,407229110
BV1oA411Y7bP,【双leo‖奥利奥】我的傲娇水神大人‖大结局（已完结）‖这次换我来护着你,06:33,1106,31,2020-08-22,果篮子啊,21291554
BV1yK4y1Y7bP,【罗云熙】大神仙显灵了！！！,04:13,118,4,2020-08-22,雨落菲菲,25861997
BV14T4y1L7LB,【影视混剪】启皇容齐凌厉眼神合集,01:20,252,4,2020-08-22,翷1989,16695520
BV1vC4y1t73E,古装打戏混剪·吹灭小山河_这天下风情千万般,03:05,54,0,2020-08-22,小尘要努力啊,401936373
BV1yi4y1g7Xg,2020年了，我还在香蜜里没出来,07:49,736,3,2020-08-22,Susia-Lois,22811383
BV1GA411n7Ww,[罗云熙 古风] Love Me Too,01:31,28,0,2020-08-22,昀彩星云1,485416608
BV1YD4y127DB,【润玉水仙|天帝×夜神】浮生如梦 花开花落终有时，缘起缘灭无穷尽,16:36,1190,64,2020-08-22,沐风墨,39992355
BV13C4y1t7H5,【罗云熙混剪】‖皇冠‖,03:09,31,0,2020-08-22,爱云熙的楠楠,520759549
BV13a4y177WE,【奸臣夫人的悠闲日子】⑤ 怀孕｜迪丽热巴｜罗云熙｜肖战｜ 他怎么会不喜欢？怎么可能不喜欢？他喜欢的不得了。,04:01,3782,21,2020-08-22,徐二舅不是舅_,179945145
BV1oZ4y1K7Vd,成毅X刘学义X郑业成X李易峰X朱一龙X肖战X任嘉伦X秦俊杰X茅子俊X彭冠英X徐正溪X杨洋X罗云熙,00:39,60,0,2020-08-22,__青城__,669760165
BV13T4y1L7B7,七夕到了，赶紧挑个野男人去浪！亲嘴亲烂！情人节骚话不用脸红 | 恋与制作人x上官透破壁cos混剪 | 男粉祝大家节日愉快！,04:05,1063,81,2020-08-22,Dr模摸熙MomoSie,321530055
BV1Rk4y117Ud,豆瓣飞云系反pua组观看骚操作,00:17,1114,0,2020-08-22,红月今生,524784802
BV1q64y1c7q1,欢迎大家来豆瓣飞云系反pua组观看骚操作,00:17,719,0,2020-08-22,红月今生,524784802
BV1Qp4y1v7Lp,【影视混剪】招摇，我生而未魔，你有什么不满吗,00:50,110,0,2020-08-22,qqqqqqqxxxxxx,409574660
BV1oT4y157rQ,【女主都和男二HE/焦雁篇||配音版】 第五回【罗云熙|迪丽热巴||吴刚/茅子俊/翁斐然/王劲松】【小说真人剧情向】,09:38,3.2万,1401,2020-08-22,牧鱼肖小羊鸭,113054885
BV1TK411M7Eh,【罗云熙】透之CP的江湖情义丨折花策马 仗剑天涯,02:28,4585,182,2020-08-22,罗小弋的剪刀手联盟,472798608
BV11v411y7gB,罗云熙 香蜜沉沉烬如霜,01:41,27,0,2020-08-22,爱烧仙草的琴,341716854
BV1TD4y1m7fh,【上官透X凤九/小枫/燕三娘/袁今夏/王舞】上官透的风（bei）流（nve）史,02:55,199,9,2020-08-22,Raymood-,2458222
BV17f4y1Q7UB,【杨紫‖锦觅中心向】——四生四世各有虐点  小锦觅表示我再也不要历届拉,07:59,1165,87,2020-08-22,铁马冰河哎哟哟,16657963
BV1uA411n74b,“这一世 谁都不能将我们分开”,00:30,556,21,2020-08-22,沈檬orange,32092734
BV1Bi4y1g7QG,【古装群像混剪 | 微台词cp向】南风知我意，吹梦到西洲。,04:53,229,0,2020-08-22,慈鸦_,9021187
BV1yZ4y1K7oE,——魂泣血之刃——润玉&amp;碧瑶【罗云熙&amp;赵丽颖】,02:42,1479,115,2020-08-22,糖果色的雪寒之城,19319814
BV1z54y1U7ot,【肖战刘诗诗罗云熙】妹妹，到我碗里来|沙雕向|赠:你没谈过恋爱你不懂|伦家-九月,03:13,5112,262,2020-08-22,九姑娘爱吃鱼,39519414
BV1RK4y1Y7EW,【飞云系|皓衣行】小破车预警|见信如晤 展信舒颜|陈飞宇x罗云熙| 原著247章混剪,01:54,2980,21,2020-08-22,一枝花的笛子是好笛子,213943920
BV1KA411n7aT,【润玉x凤舞】伪剧情|龙凤|万物皆可拉郎|罗云熙|杨超越|一晚摸鱼七夕作|甜向（？）,05:28,553,1,2020-08-22,幾道川,2144440
BV1Hf4y1Q7F1,“你呀你冻我心房 酸我眼眶 一生的伤”【侍卫×皇帝‖隔岸】又是一个be故事,02:48,1718,18,2020-08-22,苏泼曼,11970686
BV1rp4y1v7P9,作为原耽女孩  真的希望能守住那些月光我不会看皓衣行罗云熙没有爬过三千台阶  也不会做红油抄手是我无能  看着月光一束一束地消失还有我最深情的楚晚宁…,00:44,2994,143,2020-08-22,久安-晚宁,671142303
BV15z4y1f7gf,【群像】当归，当归，待君归，归来不见旧人，徒伤悲,04:06,109,1,2020-08-22,年子是个眯眯眼,671042330
BV12K4y1Y7D3,【罗云熙】毕业季，无论我们分开了还是长大了，你温暖世界，我温暖你。,02:13,277,9,2020-08-22,云熙有你,474855780
BV1Jv411i7Zp,[cp]8.21晚上22:10分熙熙子下班                            8.22凌晨0：43分飞鱼下班，晩安。,00:46,1114,0,2020-08-22,乖乖怀脾气,25852617
BV1Th411o73Q,[罗云熙] 《上官透个人向》我的王妃我要霸占你的美,01:19,66,0,2020-08-22,昀彩星云1,485416608
BV1FA411n71P,『罗云熙/润玉水仙』天帝玉X夜神玉——屈于我身下享惬意便插翅难逃难,01:40,382,1,2020-08-22,璇玑宫的茶,401348108
BV1nZ4y1K7mm,【0822生贺】郑爽中心向  又不是只追你一个‖朱一龙/王一博/邓伦/李现/罗云熙/白敬亭/张若昀,02:59,1760,43,2020-08-22,自闭lemon,30899787
BV1HZ4y1K7TQ,斗地主系列—病娇老公茶话会2,01:05,298,1,2020-08-22,杜宸,667133776
BV1L54y1e7qj,斗地主系列—病娇老公茶话会,00:56,228,3,2020-08-22,杜宸,667133776
BV1v64y1c7YX,【罗云熙×陈飞宇】婚后首次接受采访，飞云系夫夫默契一百问（上篇）,05:45,8100,116,2020-08-22,随旧事迢递过千峰,351388495
BV1qK4y1Y7Mg,飞云系·舞者的钢伴 琴师的舞伴,00:43,124,0,2020-08-22,藏在黑色里,19321683
BV1164y1c7yQ,【五上仙‖玄幻仙侠向】,03:47,91,0,2020-08-22,橙舞歌,226959251
BV1Gt4y1Q7Yi,待我长发及腰 | 罗云熙 杨幂 | 上官透 扶摇 润玉 | 三角 /// 幂儿 忘了他吧,01:45,1.4万,243,2020-08-22,夷陵王祖贤,10492799
BV19Z4y1K7gx,【白蛇传】飞云系版‖今生和你并肩就要你做伴,01:42,232,2,2020-08-22,一笑琅然Echo,266198461
BV1C54y1U7V8,#心动赛道##罗云熙#,00:24,9,0,2020-08-22,凡心逸爱,65376924
BV1zp4y1v7B8,【玉穗】囍,03:30,694,2,2020-08-22,草莓味的樱桃_cherry,110924317
BV17K411M7GQ,[浩瀚‖古装男子群像]风调雨顺，山河长安，此生便算了无遗憾了。,03:43,250,16,2020-08-22,南鄉子_Christal,352488327
BV1wp4y1i7GT,传说-润玉×上官透/罗云熙水仙/千年后会有人从传说里  借月光将思念看清/HE,02:34,293,0,2020-08-22,顷念smile,384554251
BV1Dh411o7KY,【古装混剪】狼烟风沙哪敌雪月风花,01:59,268,0,2020-08-22,塞纳河底一只航,26485923
BV1ra4y177wn,【伪电影版】遇蛇（根据溯痕同名小说遇蛇改编  焦恩俊x乔振宇x罗云熙x吴磊x张智尧）,28:21,1584,82,2020-08-21,煎鱼ZZZ,106794049
BV1754y1e7KA,【水龙吟｜踩点】用罗云熙的方式打开中国妖怪,01:54,107,9,2020-08-21,银撒嘛嘛,399558388
BV1s54y1e79a,【改编华胥引宋凝篇】罗云熙x李沁 BE警告,09:40,308,6,2020-08-21,秋月钦,310576046
BV19K4y1Y7iw,【罗云熙 | 水仙 | 上官透X润玉】总是当时携手处 · 贰 |随我回谷，如此甚好,04:41,442,17,2020-08-21,顾拙之,3061832
BV1g5411h7YC,【罗云熙】罗云熙8.21出工和收工视频，近14个小时的辛苦工作，辛苦啦,00:27,1327,2,2020-08-21,程程看影视,613619264
BV1Nh411o7vU,【彩铅手绘】罗云熙画出来？,02:32:18,17,0,2020-08-21,奎可绘画,21759893
BV1PK411M7m5,飞云系||皓衣行.伪||师尊是最好最好的师尊，徒儿是最差最差的徒儿。||没有主题的摸鱼频,01:06,1129,13,2020-08-21,霍莉,34027902
BV1Lt4y1Q74E,宋茜/吴亦凡【有点甜】【不了情 | 番外2】,03:49,7252,77,2020-08-21,turchese,452222070
BV1Q64y1c7NT,【火锅夫夫 朱一龙x罗云熙】奇奇怪怪的走向6,01:15,376,2,2020-08-21,随风不识字,10837963
BV1Bv411y7fT,【锦觅&amp;润玉】【申赫:佟年】一起走的幸福合集,01:17:21,599,8,2020-08-21,sunrises0525,94194115
BV1CZ4y1K7dw,【奥利奥/留白】射雕英雄传[主靖蓉/吴磊x罗云熙/刘昊然x白敬亭],02:33,7517,127,2020-08-21,JaniceShams,2944744
BV1vD4y127cU,【昭奚旧草 | 大昭卷谢侯】【罗云熙 | 迪丽热巴 | 谢良辰×成泠】,26:09,8978,527,2020-08-21,璇玑宫小魇兽,112367120
BV1Y54y1U7Wt,【水仙|虞楚之X上官透】,00:41,81,2,2020-08-21,紫薯包,6937287
BV1CK411T7kM,罗云熙代言旁氏，嗷嗷嗷，哥哥我可太可了！！,00:09,75,0,2020-08-21,惹惹不惹惹,389107426
BV1Rk4y117Z7,2020年了，还是哭的很大声,03:42,33,0,2020-08-21,吃货联盟副部长,201160341
BV1ka4y177BH,【罗云熙X朱一龙】-一千年轮回等待，虐恋情深,01:31,170,0,2020-08-21,劉江潋,19211829
BV1Ut4y1U79x,【五上仙‖玄幻仙侠向】#肖战王一博##罗,08:13,107,7,2020-08-21,橙舞歌,226959251
BV1Ch41197DY,【古装打戏混剪】绝世舞姬|烽烟燃起 乱风华,01:32,274,1,2020-08-21,鹿墨尘,287105520
BV1zv411y7dw,【竹马】 他和他的天下,03:21,54,0,2020-08-21,颜控叶子,1537578
BV1jf4y1Q7Ed,【罗云熙X陈钰琪】上官透与重雪芝的别样人生,01:00,108,0,2020-08-21,今天也要学习阿,384641523
BV1tV411U7GX,【古装男子群像】一掌之握，一心之房，三寸见方，三寸天堂,01:51,59,2,2020-08-21,事事难为,594600172
BV1Gk4y127vK,【罗云熙】令人心动的美男子,00:41,146,0,2020-08-21,木木唧木木,569296026
BV1aa4y177vF,【罗云熙】点击收获绝美哭戏,01:21,48,2,2020-08-21,翷1989,16695520
BV1B54y1U7Z4,“背灯和月就花阴，已是十年踪迹十年心”,03:27,87,0,2020-08-21,画一堂春,230535496
BV1Rk4y117vP,【汉武帝X李夫人】在他爱她的时光，在最美好的年华就此死去，真是再好不过了/肖战x刘诗诗（消失cp）,04:54,4001,168,2020-08-21,妲婓,378860800
BV18a4y1774D,罗云熙.情人节快乐,00:20,18,0,2020-08-21,-追星Little楠-,562569143
BV1ni4y1M7eD,罗云熙/摸鱼/月上/孽海记/他是个偷心的贼,03:48,29,0,2020-08-21,山不语暮夏,32949269
BV1H5411h7su,【自制配音剧】《饲养一个小太监》第一集 | 刘诗诗 刘耀元 肖战 于朦胧 迪丽热巴 吴磊 罗云熙 黄俊捷（赠：珊瑚洺艺）,04:59,1261,32,2020-08-21,兰珏佩之,129925289
BV1Qp4y1v7Ln,【飞云系】陈飞宇X罗云熙，婚后日常,02:53,2241,5,2020-08-21,荼余饭后ぉ,244105034
BV1Dh411d72i,北落师门【 罗云熙×刘诗诗 | 下篇 】我们再来不及重新活一次,05:10,1682,40,2020-08-21,梨雨浅浅,98825598
BV1Uf4y197nS,这 T M 才是真 正 的「美 强 惨 」本 人！！『罗云熙‖容齐』,01:30,2187,39,2020-08-21,李易峰的小迷妹呀i,39065580
BV1q54y1U7SX,【飞云系】“总之，我的师尊是断袖。”罗云熙/陈飞宇/刘昊然,01:21,1486,11,2020-08-21,糖葫芦多加冰,361827758
BV1SA411J7Rm,【罗云熙】影视剧中四种颜色婚服带来的爱情故事，哪个最触动你,00:47,193,3,2020-08-21,程程看影视,613619264
BV1UD4y127ZV,【罗云熙×夏洛克（卷福）】【变态杀手×著名侦探】“准备好开始游戏了吗？”,01:40,1023,28,2020-08-21,厚厚的羊毛袜,399704917
BV1si4y1g7Dx,【润玉】瞎嘚瑟？打飞你喔,04:19,1246,77,2020-08-21,温蒂酱酱酱,10414549
BV1TT4y1L7jG,【天帝玉×容齐×剧恒×夜神·沙雕连环画·小剧场——谁把罗云熙藏起来了？】//罗云熙，我终于还是对你下手了,08:13,316,55,2020-08-21,麻酱本酱,346627042
BV1pT4y1L7m7,罗云熙/白鹿【万有引力】【不了情 | 番外1】,03:47,1818,69,2020-08-21,turchese,452222070
BV16a4y177wX,【罗云熙】想自由|“只有你懂得我，所以你没逃脱”|愿你的悲欢有人懂,03:21,2535,77,2020-08-21,澈骨如一_暂停营业,22384770
BV1tZ4y1K7Da,【直男看娱乐】直男们看男演员经典落泪场景猜剧情挑战！！！,18:32,2.8万,1756,2020-08-21,直男看娱乐,493993543
BV1754y1e7S7,【人间历劫系列】 第五卷 凡尘如是||原创剧情向||赵丽颖X肖战X罗云熙X徐正溪X胡歌X刘昊然X陈星旭X刘诗诗X张芷溪||赠:兰绯绯,14:38,4960,296,2020-08-21,肉汤末,243508175
BV1jk4y127XU,【古装男神混剪】易烊千玺×杨洋×白敬亭×罗云熙×许凯×徐正曦×郑业成×于朦胧,01:33,23,0,2020-08-21,榴莲味纸鸟skr,601455812
BV1BV411U7SJ,【刘昊然x杨紫x吴磊x赵露思x罗云熙】一剑破晓||武侠与江湖,11:15,1631,111,2020-08-21,顾初雨,4787435
BV1Wz4y1f7tH,【罗云熙 | 上官透x容齐x玉儿】修罗场 | 玉齐透《惊鸿一面》我今生何求惟你。。,04:10,264,6,2020-08-21,玉齐透衡,21223050
BV1jk4y127aT,【飞云系】水中贵族 百 岁 山,01:29,364,9,2020-08-21,霉233,31004746
BV1yi4y1g7b2,【罗云熙｜润玉】荣耀为你加冕｜天帝玉个人向,02:39,668,29,2020-08-21,养伤的小烤梨,9852693
BV1xk4y127vR,【混剪】【罗云熙】第二弹！天帝玉和他的五个儿子——赚钱争璇玑宫记！！本集只有虞出之 透透 润玉 黑福蝶出场！,02:08,1346,36,2020-08-21,亮亮and熙熙呀,473958728
BV1Y54y1e7bB,罗云熙 大鱼＋饭拍＋后台采访＋抖音,36:25,212,6,2020-08-21,明霞公主,525417329
BV17t4y1Q7Vr,今天狗子和师尊拜堂吗！,00:25,2547,3,2020-08-21,陈飞宇的小公主,619275307
BV18i4y1g7Jt,火锅cp~情侣照集,00:33,61,0,2020-08-21,火火锅锅粉粉丝丝,644331317
BV1sZ4y1K7Jp,【皓衣行-飞云系】这身高差我好可！,00:15,7977,10,2020-08-21,玉子不是鱼子,13221207
BV1vK4y1Y7Hd,【影视混剪】古装美男打戏【高燃】【踩点向】快来看看有没有你的男神？（禹司凤，上官透，容止，魏无羡，蓝忘机，萧平旌）bgm:十二镇魂歌,02:05,75,0,2020-08-21,颜颜flower,97719943
BV1mA411J7gx,皓衣行路透，陈飞宇罗云熙婚服造型曝光！,00:36,1.2万,10,2020-08-21,是江小姐呀,478353848
BV1N5411h7ta,【罗云熙现代混剪】‖PSYCHO‖,02:38,61,0,2020-08-21,爱云熙的楠楠,520759549
BV12D4y127fD,如果这是一个不一样的结局……,02:46,196,0,2020-08-21,叶碧引,160537708
BV1rV411U7SU,"【罗云熙vs邓伦】男男cp,你看这人嘴上",00:57,44,0,2020-08-21,凛西子,473013733
BV1MA411n784,【罗云熙 | 润玉打戏卡点】天帝一怒，十方俱灭！大龙香蜜行如流水的打戏，针针卡屏,00:27,182,3,2020-08-21,城南的苏打水,649888709
BV1sZ4y1K7vC,【奥利奥/双Leo】配音版 | 杜若先生的奇珍馆 || 结局篇预告 ||,01:14,574,12,2020-08-21,番茄醬的製糖工房,656823
BV1UA411J7ZN,【展十七×上官透】八蒙山|双A打戏混剪|伞与扇,01:38,36,0,2020-08-21,颖初同学,104430701
BV1XA411J7zR,【神仙颜值不自知】罗云熙长成这样都说丑？还有没有天理了，女娲在吗？我丑的睡不着觉,00:55,17,0,2020-08-21,恋爱记APP,427505240
BV1GA411n7qk,【罗云熙旁氏花絮】白衣舞者cut,00:35,158,1,2020-08-21,藏在黑色里,19321683
BV16v411y7vD,【罗云熙｜刘亦菲】点 击 欣 赏 绝 世 舞 姬,01:34,2323,46,2020-08-21,火锅不能没贡菜,19439207
BV16K4y1Y79E,云熙❤️湛蓝天空❤️通透洁净,01:44,15,2,2020-08-21,净见,598304684
BV1qK4y1Y7Kw,【罗云熙 | 水仙 | 润玉X上官透】总是当时携手处 · 壹 |救命之恩，何以为报,03:54,429,36,2020-08-21,顾拙之,3061832
BV12a4y177C7,【奥利奥 ‖ 双LEO】萧炎X润玉 ‖ 吴磊X罗云熙 ‖ 初遇,00:20,277,5,2020-08-21,爱追剧的闪电熊,240399409
BV1dt4y1U79Q,【邓伦罗云熙】【旭润】【旭凤×润玉】重相见/合集 持续更新中,33:32,1529,9,2020-08-21,机灵鬼艾莉,398503371
BV1dD4y127Zi,师尊最新造型来啦！,00:37,2381,0,2020-08-21,陈飞宇的小公主,619275307
BV1oh411d7uN,【罗云熙|好久不见】幻乐之城时针小王子awsl现场,00:30,53,0,2020-08-21,捉水母鸭,22974455
BV1sz4y1f7kN,ღ 旭凤·润玉 | 旭润原剧向 || 谪仙·隔岸「祝自己被毒打两周年快乐◆赠 罪魁祸首们」,02:07,1682,24,2020-08-21,纸墨空夢,33822087
BV1cT4y1L7YW,三千长阶如果这样拍，明年是会哭死的吧！,00:31,1.2万,26,2020-08-21,西洲汀里,257433625
BV1CK411T7Uj,【罗云熙X郑合惠子】京城第一美貌花魁与第一风流公子的故事【自制MV】,00:32,1677,124,2020-08-21,王宜安,11524359
BV1S64y1c7Pz,〖双Leo〗〖将进酒〗‖你做明堂上，不要沾风雪,00:24,1216,10,2020-08-21,不是咸鱼是白猫啊,636401318
BV1oT4y157xj,皓衣行    云熙   飞鱼上班了！,00:15,837,0,2020-08-21,乖乖怀脾气,25852617
BV13h411o7H9,[cp]8.20晚上23:13分熙熙子下班8.20晚上23：18分飞鱼下班，晚安。,00:35,373,0,2020-08-21,乖乖怀脾气,25852617
BV1JK411M7Et,[明莓]偶活@Bennn_Chanの又到货,04:09,120,0,2020-08-21,虹野明莓i,393882549
BV1C54y1e7qG,【皓衣行】【飞云系】【陈飞宇X罗云熙】,02:15,163,1,2020-08-21,Suger有点儿甜,205031665
BV1QV411U7dU,【罗云熙-容齐cut合集】离离是你，是我的思绪,03:42:41,1793,30,2020-08-21,温蒂酱酱酱,10414549
BV1qC4y1t7bV,罗云熙 | 白色飘带西装 dy20200820,00:15,124,0,2020-08-21,凉屿_箬宸,321608564
BV1Mh411o7nA,【罗云熙】迪士尼乐园是熙熙今年不一样的生日。希望今天我也能收到惊喜哈！,03:38,107,0,2020-08-21,云熙有你,474855780
BV1Bh41197xo,【罗云熙×彭小苒】透枫||为你而来几辈子都只想和你有关（摸鱼）,00:57,319,11,2020-08-21,离若依旧,203460574
BV1rp4y1v7w4,恋心大结局（下篇）,14:16,195,0,2020-08-21,沈云溪,334590009
BV1kt4y1U7eE,恋心大结局（上篇）,06:00,100,0,2020-08-21,沈云溪,334590009
BV1SK411T7Q7,恋心大结局（下）全剧终,05:10,190,0,2020-08-21,沈云溪,334590009
BV1S64y1c79v,恋心大结局（中篇）,02:30,112,0,2020-08-21,沈云溪,334590009
BV1Nk4y127k1,恋心大结局（中下篇）,05:29,94,0,2020-08-21,沈云溪,334590009
BV1Bh41197Nf,「古装男子群像」相思成灾//全员死亡合辑//全员无一生还,04:18,138,2,2020-08-21,怜婼儿,475003573
BV1W54y1U7ZJ,【罗云熙】这哥帅哦!/快剪/杂志混剪,00:24,83,0,2020-08-21,孤岛小鲤鱼,73496847
BV1854y1U7sE,【罗云熙 | 风流少年 | 透透子】无尽风流在少年 踩点| 预告摸鱼,02:05,35,0,2020-08-21,Greta-Peng,480178281
BV1FK411M7XW,【清风未老】【古装少年群像】他心中是魔是佛又有何妨？,03:25,337,1,2020-08-21,墨迹未干茶未凉,13287100
BV1bi4y1g7r1,女伪男音，第120天练习，配音。,03:47,61,0,2020-08-21,云中子的漫漫修仙路,437601702
BV1Vt4y1Q7tM,【罗云熙】上官透【八蒙山】思慕•飒萧爽,01:58,557,30,2020-08-21,漠而无涯,219281437
BV1dv411y7Vv,【罗云熙润玉】离 | 若你不愿伴我 又何必让我 情根深种,00:54,223,2,2020-08-21,Cerelia-z,45768165
BV1wK4y1e7u6,【罗云熙 | 上官透】：绝美舞扇打戏 | 相濡以沫，不如相忘于江湖,01:10,39,0,2020-08-21,Acthink,83047453
BV1Dt4y1U736,罗云熙容齐角色混剪,04:16,31,0,2020-08-21,一顾倾熙_,194767951
BV1wk4y127XY,【罗云熙||润玉个人向】芳华绝代|倾国倾城是我大名,04:03,1013,75,2020-08-21,四面储鸽,886669
BV1Xk4y117Wt,【罗云熙】8.20深夜收工视频，又从白马王子熙回到了休闲boy,00:15,854,0,2020-08-20,程程看影视,613619264
BV1A5411h7kd,【被神宠爱前传】（不喜暗黑童话者勿入）少年说爱他，于是他给了少年他所有的爱，少年掌握着他的全部命脉。。。。。。,03:36,294,0,2020-08-20,慕阳1024,422761774
BV1Mh411o7RQ,【润玉邝露&amp;玉露cp】望乡台‖摸个鱼,00:43,434,3,2020-08-20,如瑟笙,357743648
BV1pa4y177eL,[cp]8.20中午11:07熙熙子上海回横店，下午15:34到达上班，辛苦了。,00:22,1363,0,2020-08-20,乖乖怀脾气,25852617
BV1RZ4y1K7aC,十二镇魂歌,02:14,14,0,2020-08-20,就想换个昵称呀,34718803
BV1v54y1U71V,【香蜜|润玉】多情应是我（无妨爱我淡薄，但求爱我长久）,05:16,20,0,2020-08-20,若沐n,449577071
BV1jf4y1Q7gj,【此后日暮无归途】仙魔虐恋,11:18,686,9,2020-08-20,公子阿桐,439636474
BV1g54y1e7GK,2020.8.20晚个安 小哥哥,00:18,153,0,2020-08-20,明霞公主,525417329
BV1ap4y1v7sn,混剪，翩翩少年罗云熙，古装造型仙到炸,01:06,28,0,2020-08-20,zcc土豆张,27824809
BV1Zh411d73q,【互动视频/全男拉郎】掮客/心跳源计划：假如你是周小山 （陈飞宇中心向：罗云熙 宋威龙 刘昊然 吴磊 许光汉）,30:13,238,2,2020-08-20,luxiaolubuhefa,3987008
BV1vK4y1Y7xC,【邝露×润玉】为爱而爱,03:44,190,4,2020-08-20,荻花吹还,649740603
BV1654y1U72q,【罗云熙】【上官透】【扇子】透透小仙女的扇子系列,00:57,52,0,2020-08-20,阿FiuFiu,395486432
BV1Tt4y1S7bE,【润玉❌小枫】   “我爱你。”,00:28,37,0,2020-08-20,_衍冬_,584552463
BV12K4y1Y719,[双郡主丨简芊丨soleo]《公主今天没打我！》赠 溪丨赵露思丨周雨彤丨许凯丨罗云熙,03:20,1.0万,86,2020-08-20,SuMm墨白,28927322
BV1uk4y127hX,《半是蜜糖半是伤》专访:憨憨日常互怼,00:16,1207,0,2020-08-20,洛枫之灵,367965518
BV1VT4y1L7v9,《盛世安澜》第二季 刘诗诗✘朱一龙✘罗云熙 （龙诗cp向）高能 原创 混剪 古言 he向,07:57,494,1,2020-08-20,黑脸小钢淡,516573872
BV1ni4y1M7VE,《夜舞倾城》第二集【鞠婧祎x罗云熙x肖战】,04:11,304,2,2020-08-20,苏伦特A,8128750
BV1C54y1e7pQ,【罗云熙】【润玉|容齐|上官透】【古装仪态混剪】何必诗债换酒钱,04:08,209,0,2020-08-20,羡鹊知风,33753724
BV1VT4y1L7Tu,【古装男女混剪】不谓侠——来换场豪醉，天纵我潇洒,04:21,630,5,2020-08-20,寒江孤影CL,413755255
BV11a4y1776G,【罗云熙】旁氏活动现场。发光的熙熙哥哥自带BGM。,01:24,4733,48,2020-08-20,云熙有你,474855780
BV16t4y1U7Fx,罗云熙 旁氏白装 双生街花絮,00:56,153,0,2020-08-20,未音HayLey,432481350
BV1dC4y1t7Uo,《穿书|坑死男主计划⑦》轮回|车\黑化【肖战x赵丽颖x刘亦菲x刘诗诗x罗云熙】,09:53,4796,114,2020-08-20,一只极其傲娇的咩,318892264
BV1kD4y12758,【离舟】|杨幂x罗云熙|我捧一碗回忆却饮不尽你|剧情向|虐向,05:16,313,3,2020-08-20,本初子鹿_,649437694
BV1Fk4y127ta,【罗云熙】20200819旁氏见面会饭拍合集,14:43,5161,111,2020-08-20,河合千哩,3907051
BV1YK4y1Y78S,【罗云熙】点开收获甜甜小王子,00:25,49,0,2020-08-20,翷1989,16695520
BV1aK4y1Y75n,【罗云熙】公子似是画中人|笑颜|仪态混剪,02:06,282,6,2020-08-20,雨落菲菲,25861997
BV1vf4y1Q7mF,【迪丽热巴X罗云熙】小狐妖X大魔王（伪）前世今生篇,01:35,253,2,2020-08-20,达拉崩吧咻咻咻,490005634
BV1H54y1e7MY,【白日依山尽/首版预告】许凯X李易峰X罗云熙X朱一龙/江湖大梦青山里，遇爱与仇敌,00:47,539,3,2020-08-20,肥德-张长老,396175972
BV1Nt4y1S7vU,【皓衣行-飞云系】路透图片,01:31,1.0万,17,2020-08-20,玉子不是鱼子,13221207
BV1xC4y1t7Kw,开运锦鲤妆ღ温柔仙女眼影盘试色分享【完美日记锦鲤盘】,03:09,600,4,2020-08-20,只想静静不说话,28513234
BV1Qk4y117Pr,【刘昊然/罗云熙/陈坤】桃花笑：一个甜甜的小甜饼,06:24,169,0,2020-08-20,弋种小蔷薇,71363452
BV1qZ4y1K7af,【罗云熙】师尊就是这么傲娇,00:10,2934,0,2020-08-20,杂粮菌,18120206
BV1ni4y1M7gk,【谋城3】——罗云熙 肖战 陈星旭 杜雨宸 李沁 迪丽热巴【更新中... ...】,04:04,3508,154,2020-08-20,若水尘心,38304618
BV1QK411T7Sg,【罗云熙】郭鑫合集,01:46:55,779,21,2020-08-20,想要一个弋,606547580
BV1AK4y1e7PP,【吻戏】原来是这样拍出来的 好羞羞,01:56,275,1,2020-08-20,草莓一夏,234349586
BV1RT4y157up,【邓伦罗云熙】【旭润】【旭凤×润玉】重相见 第二集,04:37,600,4,2020-08-20,机灵鬼艾莉,398503371
BV1oZ4y1K7Xp,【最美的时候遇见你】【谭松韵】×【罗云熙】【凉城】,03:54,61,0,2020-08-20,carol-7-,82654096
BV1t54y1e7u1,【罗云熙】【沙雕打脸向】罗云熙大型精分现场,00:19,481,0,2020-08-20,琵琶不行我都行,321437592
BV1Rt4y1U7Wn,【罗云熙/粉丝见面】罗云熙旁氏屈臣氏直播现场情况,46:52,822,42,2020-08-20,SA船长RA,425369254
BV1UV411U7JY,飞云系版白蛇传，前尘篇,00:28,206,0,2020-08-20,一笑琅然Echo,266198461
BV1jt4y1Q7cG,【21位神仙打戏合集】【我是来揍你的.燃】——还要认得小爷我的拳头！,03:27,234,0,2020-08-20,慕洋大志,647218592
BV1Mp4y1i7fR,【罗云熙】白色飘带熙，帅气,00:13,932,0,2020-08-20,程程看影视,613619264
BV1M54y1U7fp,【罗云熙 |皓衣行 |小夏司逆】老罗儿子第二弹，对比视频高度还原，皓衣行剧组牛逼,01:10,3576,34,2020-08-20,城南的苏打水,649888709
BV1bV411U77w,【容齐x张妼晗】小甜饼｜陛下的舞女小娇妻,01:08,440,6,2020-08-20,寻欢觅乐,385141593
BV1yi4y1g7Gv,论罗云熙和二次元的适配度【第一波】——同一张脸14部二次元【罗云熙】,02:07,7282,131,2020-08-20,麻酱本酱,346627042
BV1v54y1e7Tv,墨燃牵师尊的小手手，拽头发，拥抱，所以，墨燃，你还想干嘛！,00:18,1.0万,2,2020-08-20,陈飞宇的小公主,619275307
BV1wA411n7ZF,【罗云熙古装个人向】我一个人就是一个门派丨剑魂丨双声道台词向,01:16,162,6,2020-08-20,黎黎黎黎狸,70101743
BV1uT4y1L7Dy,皓衣行师昧陈瑶路透！,00:34,7072,9,2020-08-20,是江小姐呀,478353848
BV1Kk4y127QU,太好看了！,00:08,405,0,2020-08-20,乖乖怀脾气,25852617
BV1PT4y1L7GU,【飞云系】心上魂（又名 假如我师尊他精分了）|陈飞宇x罗云熙|若是这世间再无可能见你 那人生之苦 远胜于死,05:00,3499,81,2020-08-20,是贰七ya,33041322
BV1qC4y1t7WJ,【飞云系】猫狗双全 捕捉各式小表情,03:06,346,2,2020-08-20,霉233,31004746
BV19t4y1U77t,【罗云熙】部分花絮合集,01:36,44,0,2020-08-20,荼余饭后ぉ,244105034
BV1654y1e7sk,【罗云熙  润玉｜风姿仪态5｜美态神情意境】—所谓伊人 在水一方,02:34,181,2,2020-08-20,珉弋禾熙,278292629
BV1H54y1e7vX,【润玉】&quot;长芳主&amp;破军星君&quot;要求退出赤子之心群聊组,03:27,1219,39,2020-08-20,温蒂酱酱酱,10414549
BV1h54y1U7eN,【古装群像|全员be向】唯你是青山,02:31,153,0,2020-08-20,山河不还旧时意,27495529
BV1yh411972k,【罗云熙】芒种·一个粗糙舔颜的up,00:34,68,3,2020-08-20,吴青峰的小喵喵,401099468
BV1Wz4y1f7o2,[罗云熙]上官透转扇子 打戏混剪 超A镜头 长生决,02:36,125,0,2020-08-20,注视白昼梦,35110325
BV1Ah411o7vk,【白日做梦系列】如果下雨天 朱一龙/罗云熙/王一博/肖战/任嘉伦/ 打伞出现在你面前，你跟谁走？,00:46,41,2,2020-08-20,刘小闹有情绪,26139224
BV1h54y1e7df,【狗血梗  | 火锅 】朱一龙X罗云熙 | 如果你也听说  CAI JU QING—ing,06:05,885,18,2020-08-20,壹俩奶居,34420925
BV1cK4y1e7fc,【罗云熙X鞠婧祎】旧灯错丨洞房花烛交杯酒，唯独少了一个我【剧情向MV】,01:01,263,11,2020-08-20,王宜安,11524359
BV1pZ4y1K7Ld,不知道再剪什么 | 填搞 | 飞云系 | 花与剑,00:08,84,0,2020-08-20,IODANI,30170068
BV1b54y1U7VB,【月上重火】大晚上看花絮看到上头,00:15,180,0,2020-08-20,今天也在嗑冷cp,130556218
BV1EA411n7gz,罗云熙x张雪迎《上邪》,04:13,78,0,2020-08-20,风间茶话会,406094344
BV1oZ4y1K7Xi,百灵潭●春妖（二）【罗云熙×赵丽颖】,03:39,102,0,2020-08-20,萧芜芜芜,325923273
BV1RD4y127s6,【琉璃‖陈情令吐血合集】肖战王一博成毅罗云熙吴磊朱一龙‖没有感情的喷血机器！,00:54,95,0,2020-08-20,梅梅BO,232865052
BV1aT4y1L7vY,【凡心劫前传】第一集（朱一龙x罗云熙）,03:20,560,112,2020-08-20,桃花雨凉zyt,401870957
BV16V411U76o,【罗云熙】又美又飒的透透  试踩点,01:24,23,0,2020-08-20,宇系云飞,174514409
BV1Fh411o7gR,【罗云熙】最喜欢的还是小炮啊！喜欢傲娇的熙熙!,02:05,1034,3,2020-08-20,云熙有你,474855780
BV1na4y177hk,“卿卿你想要的，我都会给你”“这迟来的深情，比草还轻贱”【罗云熙x迪丽热巴x陈星旭】||多情应似我·下,04:25,4715,103,2020-08-20,自有良人当路归,389913390
BV1BD4y127iq,【罗云熙X白冰|深情公主X白月光皇帝】最肯忘却故人诗，最不屑一顾是相思（周深版相思）,03:51,282,4,2020-08-20,贰两烧酒i,341915513
BV1XC4y1t7ZH,·元淳✘润玉·众生人间失格·,00:16,58,0,2020-08-20,少年不识卿,267752456
BV1kp4y1v7Fj,【罗云熙】小神合集,03:37:39,524,13,2020-08-20,想要一个弋,606547580
BV1ma4y177RX,肖战&amp;罗云熙&amp;任嘉伦,01:44,18,0,2020-08-20,牛奶味的山楂,609046895
BV1dC4y1t7Dv,扇子舞十级玩家——【上官透】的官方发言人【罗云熙】先生，请问收徒吗,02:06,91,0,2020-08-20,橘橘大eR,327484405
BV14C4y1t7th,200819 罗云熙 旁氏见面会,00:48,2462,9,2020-08-20,熙水长流_AquaLeo,427121009
BV19k4y117Qi,【罗云熙|润玉|容齐|水仙】,10:07,211,0,2020-08-20,熙扬公子,434493181
BV1UV411U7JW,【罗云熙|润玉】龙之逆鳞不可触|高燃战斗踩点|60帧丝滑打戏混剪|一键切换boss形态—纳什男爵(?),07:22,97,0,2020-08-20,幾道川,2144440
BV19p4y1v7Uo,香蜜版的《东宫》—【彝族版初见】 润玉 、邝露…… （故事由你们补充………未完待续……）,02:09,242,2,2020-08-20,叶碧引,160537708
BV18C4y1t7DC,一人之下 　(伪)真人版     bgm无涯,01:36,108,0,2020-08-20,翻车烏賊,65781738
BV1Uh411d7LT,打戏好看的要么练过武，要么练过舞！！！ 郑业成｜罗云熙｜花絮,00:47,685,5,2020-08-20,Cindy和Yana,38311813
BV1xC4y1t7Y6,【双leo｜吴磊X罗云熙】百里鸿烁/阿史那隼X容齐｜囍,02:17,809,4,2020-08-20,是衔歌啊,44056732
BV1XA411J7kF,润玉一生所求不多,00:35,64,0,2020-08-20,纯纯和昭昭的冬天,271264664
BV1ea4y177uM,齐哥哥漫儿❤️青梅竹马,03:32,12,0,2020-08-20,净见,598304684
BV1JC4y1t75b,影视混剪-肖战/刘诗诗/罗云熙/祝绪丹/陈钰琪#有你pick的俊男靓女吗？,03:06,293,17,2020-08-20,为你肖烟四起ycp,475511709
BV1mK4y1Y7pX,【罗云熙】【罗弋】二十多岁的少年，是舞台上闪闪发光的罗弋啊,00:59,147,2,2020-08-20,李圈圈呦,313737575
BV1sk4y127jW,我将告别黄昏，挣脱藏身的黑暗，向你们的光里坠落,00:28,45,0,2020-08-20,梦小怂,490765041
BV1TD4y1m7Mc,【罗云熙x旁氏线下活动】比心❤超级可爱的帅哥,00:37,800,8,2020-08-19,上官透的谷主夫人,146485631
BV1JT4y1L77o,【罗云熙】20200819旁氏&amp;屈臣氏直播cut,01:22:07,8502,252,2020-08-19,河合千哩,3907051
BV1eK411T7rL,【朱一龙x罗云熙】来自地星的你 第三集（持续更新中）,11:41,603,10,2020-08-19,非酋_咕咕怪,407229110
BV1dD4y127aa,【罗云熙】20200819旁氏直播全程，超可爱的哥哥！！,26:29,1834,16,2020-08-19,浅熙黛月,439460060
BV1pZ4y1K7y2,【皓衣行配乐/麦振鸿】【罗云熙/陈飞宇】用皓衣行配乐打开师徒们的日常,00:47,1971,4,2020-08-19,糖葫芦多加冰,361827758
BV1if4y1Q7BZ,【罗云熙】这全身白真的太可了！！开口说话是可爱小甜豆，不说话严肃的时候就是霸道总裁啊！！,00:54,864,3,2020-08-19,亮亮and熙熙呀,473958728
BV17i4y1M7D5,恋心第三十五集,02:40,157,0,2020-08-19,沈云溪,334590009
BV1kt4y1U79W,【罗云熙白衣现代装】,00:15,261,0,2020-08-19,上官透的谷主夫人,146485631
BV1oA411J7hr,2020.8.19神清气爽帅气十足的小哥哥,00:18,280,0,2020-08-19,明霞公主,525417329
BV1y54y1e72f,【罗云熙】20200819旁氏直播分享了有关心跳源计划和半是蜜糖半是伤的趣事！,08:18,3100,52,2020-08-19,浅熙黛月,439460060
BV16C4y1t721,恋心第三十四集,03:33,198,0,2020-08-19,沈云溪,334590009
BV1bi4y1g7ox,20200819罗云熙部分直播 熙熙画画太棒啦,12:12,485,2,2020-08-19,晚宁正在发芽中,388100707
BV1v64y1c7vq,【王者荣耀】百位英雄献礼歌百战成诗真人版群像混剪,06:27,317,5,2020-08-19,爱用剪刀的朱朝阳,18225759
BV1SZ4y1K7eH,【龙凤组/润玉X司凤】罗云熙X成毅｜伪 性转花千骨适配性测试/四凤和小骨简直不相上下/摸鱼,01:22,2589,21,2020-08-19,南苑北笙,11446421
BV1q64y1c7td,【白衣罗云熙】的现代装也是超级帅，他在拍皓衣行还有一个月杀青了,00:18,919,3,2020-08-19,上官透的谷主夫人,146485631
BV1AK411M7T8,【香蜜】锦觅×丹朱 || 逍遥堪避世，从此觅丹梯 · 前缘 || 叹云兮 || 微玉露,04:38,246,0,2020-08-19,徵音微暗,6379202
BV1rt4y1U7Pj,【罗云熙沙雕视频】合集，没想到你是这样的罗云熙,02:22,66,0,2020-08-19,上官透的谷主夫人,146485631
BV1kp4y1v7vV,2020.8.19屈臣氏直播,26:22,293,3,2020-08-19,明霞公主,525417329
BV1cT4y1L7WW,【罗云熙】白马王子熙,00:14,69,0,2020-08-19,程程看影视,613619264
BV1Dp4y1v79S,罗云熙x旁氏线下活动20200819可爱的白衣熙熙,02:30,955,6,2020-08-19,上官透的谷主夫人,146485631
BV15v411i7pg,优雅帅气罗云熙，今日旁氏看得好开心,00:15,1222,4,2020-08-19,甜甜的蜜桃好想咬一口,667694659
BV12Z4y1K7Dw,2020.8.19旁氏直播,27:51,1003,36,2020-08-19,明霞公主,525417329
BV1k54y1U7R4,【罗云熙直播/超苏“晚安”】云熙直播为粉丝道晚安,00:59,103,0,2020-08-19,六个橙子LeoCheng,381601156
BV1vV411U7bf,2020.8.19 白衣胜雪 优雅帅气,00:23,207,2,2020-08-19,明霞公主,525417329
BV1WT4y1L7qN,罗云熙旁氏粉丝见面会|演唱会啊要搞起来,00:29,277,0,2020-08-19,没心没肺呢嘛,275602263
BV1gt4y1Q7Y3,【罗云熙】他真的好爱小朋友这个称呼啊！玩游戏贼可爱的小朋友～,02:47,2576,13,2020-08-19,西洲汀里,257433625
BV1Lz4y1f7wx,【女尊】【刘诗诗X罗云熙X刘昊然】美男十二宫（二）,04:25,3298,141,2020-08-19,_且歌且行,21796186
BV15t4y1Q7Zt,罗云熙直播,01:30,196,0,2020-08-19,bili_82282433669,457147414
BV1XD4y127BJ,【罗云熙】屈臣氏直播晚安语（*/∇＼*）,00:22,97,0,2020-08-19,期柒,471976643
BV1Y54y1e7S5,【罗云熙】20200819时光定格瞬间，邂逅纯白飘带西装熙,00:34,2708,34,2020-08-19,河合千哩,3907051
BV12V411U7mi,【皓衣行-飞云系】看不腻这一段,01:30,1.1万,7,2020-08-19,玉子不是鱼子,13221207
BV1nT4y1L774,【若言】你一笑，整个世界都温暖了,01:10,59,0,2020-08-19,我是若言吖,121324345
BV1yK411T7Vx,囍 润玉锦觅篇 我的大殿啊,03:39,140,0,2020-08-19,瞎剪女侠001,168301590
BV1g54y1e7QY,百灵潭●春妖（一）【罗云熙×赵丽颖】,03:27,212,1,2020-08-19,萧芜芜芜,325923273
BV17K411M7UE,[cp]玩游戏回答问题的熙熙可爱死了！,02:30,787,3,2020-08-19,乖乖怀脾气,25852617
BV1jk4y127H2,古装男女神打架小合集 bgm杀破狼,03:09,321,1,2020-08-19,Augenstern-2112,358506322
BV1hf4y1Q76u,【侍剑人】第三章   昆仑室友  乔振宇 穆婷婷  青木瓜之味,01:51,61,0,2020-08-19,姜朵朵总督,650542373
BV1Ea4y177Z7,伪武林外史【肖战  杨紫  赵丽颖  罗云熙 乔振宇  魏千翔  王一博  李沁等】    一笑中,03:45,1268,18,2020-08-19,彩虹的天空下,472520048
BV1cp4y1i7ho,【透芝夫妇】陈钰琪｜罗云熙｜绝美爱情｜缘起,04:04,134,0,2020-08-19,平平无奇的诗诗小天才,392566960
BV17V411U7JB,快意燃刀-【罗云熙-润玉打戏】,02:05,60,0,2020-08-19,咸吃萝卜头,48707403
BV1Si4y1g7zS,[cp]#飞云系[超话]#期待今晚直播，看熙熙的盛世美颜200819 旁氏上班,00:30,566,0,2020-08-19,陈飞宇的小公主,619275307
BV1NK4y1e73t,【罗云熙|上官透】著名扇子高手在线舞扇|踩点向,01:43,101,5,2020-08-19,是小七噢,19299587
BV16K4y1Y7s4,【燃向打戏 | 群像混剪】疯狂踩点X明月天涯 || 仇者多，友两三,02:25,1465,15,2020-08-19,泡芙甜腻了,251884100
BV1za4y177eg,罗云熙旁氏品牌活动[tv_流鼻血][tv,00:23,1191,5,2020-08-19,林深时见鹿xyw,16271944
BV1u54y1e76h,天帝玉，A爆了,03:12,20,0,2020-08-19,橼熙0728,480061105
BV1ea4y1777o,古装扇子打戏——谢霆锋and罗云熙,03:50,186,7,2020-08-19,la大撑,133803126
BV1Sf4y197pD,罗云熙  古风MV  小鱼仙官心动CUT  古装美男,02:59,72,0,2020-08-19,暮然之色,620062050
BV1u5411h7Wv,【罗云熙水仙｜润玉×容齐】骨科｜真相是真｜玉齐,03:37,660,26,2020-08-19,我只吃一口哦,543134554
BV1Qf4y197X9,【罗云熙】|| 让酒 |上官透||舔颜向/扇子向,02:55,90,4,2020-08-19,小鹿与Jimin_阿宁,10297646
BV1m64y1c775,【罗云熙l容齐】下一世我来爱你,00:14,27,0,2020-08-19,aien熙,483813308
BV1UZ4y1K7Yf,【上官透 |罗云熙】上官透 全原创角色曲《问心》女声版,04:22,735,46,2020-08-19,弋曲熙音原创音乐,28235897
BV14V411U715,【箫08】不染 - 毛不易 to润玉 真正的谦谦君子，卑以自牧，如切如磋，如琢如磨。,02:07,55,0,2020-08-19,吟箫轻语,9411401
BV185411h7p4,罗云熙  心之所向 个人向混剪,01:08,104,1,2020-08-19,罗云熙视频平台打投组,651617588
BV1m64y1c7eo,罗云熙 自己剪的一个比较粗糙的视频,00:31,17,0,2020-08-19,熙熙的曦曦,472117949
BV1aK4y1Y7tH,【罗云熙 |上官透x润玉】甜甜仙凡恋（带娃梗慎入）看简介,01:39,418,13,2020-08-19,芒果馅冰,520975518
BV1Nt4y1S7fB,【刘诗诗X陈坤X罗云熙X朱一龙X刘亦菲X肖战X陈星旭X王凯】月挽长河 上部 以天为笼篇   自制配音剧,05:01,6800,223,2020-08-19,陈鹤兮_白夙长明,47559585
BV1h54y1U7gW,寄梦台。长安四韵。男女神cp群像混剪,03:57,179,0,2020-08-19,怀中抱玉人,8493667
BV1754y1e7KU,【润玉X白毛鬼】【罗云熙X李洙赫】天帝冲出华语地区有跨国业务了,00:56,45,0,2020-08-19,neymarcc,24057894
BV1vD4y127Vg,【剧本攻略|琉璃】论证司凤拿了仙侠剧女主剧本的N个打开方式||成毅,02:29,3.9万,354,2020-08-19,一兮慕禾,5555510
BV1TA411n7TZ,香蜜沉沉烬如霜的沙雕弹幕‖再悲的剧，打开弹幕都能笑出猪叫,02:48,165,2,2020-08-19,孑余的猫,526082308
BV1dZ4y1K7rK,坐等明年甜死我！哼哼哼,00:44,8605,3,2020-08-19,陈飞宇的小公主,619275307
BV1u5411h73o,【罗云熙 | 皓衣行小夏司逆】估计熙哥自己都生不出这么像的儿子吧。不得不说，皓衣行导演真会选角,00:40,1.0万,92,2020-08-19,城南的苏打水,649888709
BV1PK4y1e7H6,「上官透｜罗云熙」望君似是天上人,00:27,55,3,2020-08-19,烂饼饼,6047330
BV1s5411h7wm,【罗云熙 | 不娶何撩】我真的要被迷死在上官透的眼神里！,01:48,112,1,2020-08-19,嘻禾,20954723
BV1ja4y1779W,匪萌十月整体上色教程,01:23:45,471,4,2020-08-19,绘梦CG学院,205562884
BV1UA411J7un,罗云熙  小奶狗VS小狼狗,01:59,24,0,2020-08-19,咸吃萝卜头,48707403
BV1BK4y1Y7S5,【罗云熙/上官透】 缘起 (电视剧《月上重火》插曲)【超高清配歌词MV】,04:04,61,0,2020-08-19,SA船长RA,425369254
BV1ip4y1v7rK,【罗云熙X彭小苒】银临新歌《迟迟》剧情版MV丨千秋岁好，休负兰因丨粉丝自制剪辑【赠 乔乔】,04:54,2175,75,2020-08-19,王宜安,11524359
BV1qZ4y1K79s,【飞云系｜皓衣行】伪原著向 没有楚晚宁的踏仙君,01:46,913,3,2020-08-19,西禾酥了,38943553
BV1LK411M7Y2,春秋大梦 第三集 他忘了我『迪丽热巴 罗云熙肖战』,02:48,953,1,2020-08-19,PikaZhou,307799301
BV1S64y1c7NB,【罗云熙】白衣胜雪 凡人谪仙,00:23,1794,4,2020-08-19,杂粮菌,18120206
BV11t4y1U71e,【古装群像】小说网站拟人混剪,01:48,3.4万,376,2020-08-19,江南繁花,172081064
BV13a4y177Ji,【苏幕遮】（cover张晓棠）  ..  绝美师尊～罗云熙个人向,01:25,236,51,2020-08-19,犀弦,95371295
BV1wD4y1m7vE,罗云熙 | 绝美打戏 | 愿无忧,00:19,76,0,2020-08-19,IODANI,30170068
BV1SV411U7PU,[cp]8.18晚上22:55飞飞鱼下班，今天收了两封信8.18晚上☁出发上海,00:25,345,0,2020-08-19,乖乖怀脾气,25852617
BV13K411M741,【飞云系】  陈飞宇✘罗云熙    ♥直觉♥,01:34,119,0,2020-08-19,一笼的烊,356519992
BV1ri4y1g7eP,#倩女手游遇见罗云熙# 新职业男蝶客剧情抢先看！,00:31,468,3,2020-08-19,流萤踏火,2083929
BV1ba4y177gp,超意外！《香蜜沉沉烬如霜》演员时装大曝光！月下仙人本尊竟然长这样！一起来看看锦觅、旭凤、润玉、穗禾、鎏英、彦佑等16位演员的真实样貌！,13:55,384,22,2020-08-19,Phoenixtellstory,665474276
BV1AK4y1e723,【混剪】【罗云熙】天帝玉和他的五个儿子——赚钱争璇玑宫记！！五个儿子：玉玉 透透 容齐 虞楚之 白福蝶,01:59,2531,72,2020-08-19,亮亮and熙熙呀,473958728
BV1NA411n7Lr,罗云熙|启皇秘史：哪一个君王没有统一天下的雄心壮志,07:35,127,0,2020-08-19,Fanfan小宝,354236396
BV1Hi4y1M7m7,《夜舞倾城》第一集【鞠婧祎x罗云熙x肖战】,10:39,555,9,2020-08-19,苏伦特A,8128750
BV1154y1e7wZ,【再见偷花人｜罗云熙】内有猛兽，请谨慎观看,01:43,110,0,2020-08-19,阿哲的圆框镜,473431187
BV11K4y1Y7LE,【润玉水仙】情敌变情郎(番外二)谁上!谁下!(沙雕甜宠洞房夜),03:49,1120,35,2020-08-19,龙云小郡主,405599717
BV1cp4y1i7Yr,【错相逢 求善终 ||润玉|穗禾】此生若是错在相逢 求一个善终（事业组秘恋情歌）,05:11,803,0,2020-08-19,月影晨光,33166563
BV16V411U7V6,✨✨✨云熙✨✨✨,01:45,37,0,2020-08-19,净见,598304684
BV1Vi4y1M7VL,【二哈和他的白猫师尊｜许凯×罗云熙｜剧情向】1.0/2.0/0.5公开处刑 有改动！慎入！！,16:11,320,5,2020-08-19,一二三茄子xi,23853591
BV1gt4y1Q7cd,罗云熙,00:21,50,0,2020-08-19,白浅屠城,114159892
BV1sf4y1Q7QF,【国境四方】【罗云熙X陈钰琪】【透芝X剁椒鱼头】天帝魔尊的前世今生 ｜论月上重火的正确打开方式｜强取豪夺,09:20,766,21,2020-08-19,是罗云熙得不到的女人,283678062
BV1Sk4y117Bn,虐恋  罗云熙    攻下你的心房  没有铁石心肠的姑娘,15:28,95,1,2020-08-19,暮然之色,620062050
BV1jf4y1Q7F1,【罗云熙水仙剧】天帝×小鱼⑥ | 微沙雕 | 暖心,03:06,658,6,2020-08-19,漫思水,303901333
BV1m64y1c7Ay,【古装群像】扇子打戏混剪 明月天涯,06:46,68,2,2020-08-19,曦薇赫紫俊,23267447
BV1854y1e7Kr,【罗云熙 小千代】侍剑人 第二章 仙尊谢昭,01:20,75,6,2020-08-19,姜朵朵总督,650542373
BV1YD4y127MB,【罗云熙】给此视频取个好标题，谢谢,01:46,103,1,2020-08-19,翷1989,16695520
BV1rp4y1v7od,一醉经年｜贰叁歌词适配度尝试｜吴亦凡/宋居寒×罗云熙/何故｜渣攻追妻现场,03:22,517,3,2020-08-18,一半毒苹果,490261403
BV1kZ4y1K79L,罗云熙容齐——河图《寸缕》倾余生成全个情深不寿,04:15,113,0,2020-08-18,藍暘,520688113
BV1aZ4y1K7rw,【天官赐福 双玄】【隔山海|肖战×李易峰×罗云熙】第十四集 家有妻室 明仪/贺玄/师青玄/师无渡  风地水 川渝组,04:10,142,2,2020-08-18,月白风清与君识,489148756
BV1eD4y127wH,【罗云熙|润玉水仙】掌中之物7(禁区)【黑化/病娇/强取豪夺/捆绑/囚禁/强制爱/双向暗恋/小破车预警】,11:02,3623,377,2020-08-18,苏子柒丨离诺,163509852
BV1tZ4y1K7QT,【司命  原著：九鹭非香 配音版第一集】（已授权）迪丽热巴x尔笙 罗云熙x长渊 虐恋剧情向,07:28,1.1万,293,2020-08-18,苏楠瑾,448820201
BV19C4y1t7CN,【缘落|陈瑶x祝绪丹x罗云熙】若是这缘躲不过 何必又挣脱,01:40,658,4,2020-08-18,春山如故,321447978
BV1CK411T7ug,罗云熙陈飞宇皓衣行路透，陈瑶笑的好美！,00:26,2643,0,2020-08-18,是江小姐呀,478353848
BV12K411T7Xt,【罗云熙&amp;迪丽热巴&amp;刘诗诗】应天长 不如不见 以享天年,03:15,485,8,2020-08-18,麦兜家的李子园,228360925
BV1Q64y1c7w5,【全男版/剧情向】（下）掮客 | 心跳源计划 （陈飞宇 罗云熙 宋威龙 刘昊然 许光汉）,04:48,230,0,2020-08-18,luxiaolubuhefa,3987008
BV1y64y1c7Hw,【罗云熙×杨超越】七夕小甜饼： 宠妻无下限（ 又名：我老公他有点儿肾虚）,03:11,6625,223,2020-08-18,红泥不煮酒,125151927
BV1u54y1e7CZ,【罗云熙】【健身】结尾的彩蛋一定是你们想看到的，适合晚上观看,00:39,804,3,2020-08-18,琵琶不行我都行,321437592
BV1a54y1e7A2,罗云熙女友视角专享！甜甜甜,00:22,46,0,2020-08-18,女王大人的暴躁兔子,236993184
BV18z4y1f7J5,我不需要你懂我，我只要你好，仅此足矣。,00:32,56,0,2020-08-18,a糖九,386248445
BV1EZ4y1K7cV,[cp]8.18中午11:26熙熙子上班今天带了行李估计晚上直接去上海了8.18号中午11：26分飞鱼上班,00:39,1556,0,2020-08-18,乖乖怀脾气,25852617
BV1S64y1c7bb,【扬书魅影】【杨洋X罗云熙 / 楚飞扬X君书影】,04:06,5495,103,2020-08-18,一夜倾欢,41059519
BV1Lf4y1Q78i,夜是灯火不休 你是爱至江愁‖容齐,01:59,36,0,2020-08-18,净空绯夜,345302225
BV1E54y1e7ih,罗云熙|甜虐水仙剧情向|麒麟宸✘青龙珏☞「27」唯愿君心似我心&amp;丹解,08:44,257,6,2020-08-18,待我封王,392169263
BV1zV411U72S,【罗云熙x鞠婧祎】你是囚我于生的枷锁,01:23,263,0,2020-08-18,Sweettymoon,597775518
BV1pa4y177nz,何止心动，我想要两个西柚,00:12,115,0,2020-08-18,罗狮粉Leo,86822456
BV1aa4y177Ez,【罗云熙】——【关山酒】打戏混剪【悄咪咪的说有踩点】,01:36,144,0,2020-08-18,一个盛夏一个严寒,286521799
BV1Ft4y1S7Pv,【罗云熙‖上官透&amp;虞楚之打戏混剪】,01:02,35,0,2020-08-18,圆圆圆圆的兔子,383418481
BV1rK411T7Ug,皓衣行路透，墨燃低头向师昧认错，楚晚宁站在一旁！,00:42,5.4万,39,2020-08-18,luna370,327497673
BV1z54y1e7tz,【罗云熙】上官透【泼茶香】思慕•愁烟泣露,03:28,788,31,2020-08-18,漠而无涯,219281437
BV1kD4y127wZ,【古装群像|超级帅混剪|不踩点】我先说，我都要~,01:22,400,1,2020-08-18,扑街且坚强13,396630121
BV11v411y7XF,【罗云熙||星辰变】风流公子｜燃向踩点｜浮云遮眼 只因身在此山,02:20,180,8,2020-08-18,端点星公民,289481142
BV1Uf4y197Fn,【罗云熙现代混剪】‖易燃易爆炸‖,03:18,41,0,2020-08-18,爱云熙的楠楠,520759549
BV14v411i7gL,【星星之火-罗云熙】忽大忽小的字有它自己的想法,01:33,44,0,2020-08-18,秋暮颜夕,64006867
BV1eV411U7zV,#罗云熙#你喜欢古装还是现代装？我都可以,00:37,607,10,2020-08-18,Cai菜0-0,602154699
BV17Z4y1K7mA,［润玉&amp;禹司凤 ］［罗云熙&amp;成毅］拉郎视频，圈地自萌。上次都说太短了，这次来个长的！有些地方没弄好，剪辑小白一个，为爱发电，大家体谅体谅,08:03,587,25,2020-08-18,徐大鹅儿,257989123
BV1EZ4y1K7Yo,【飞云系|罗云熙/陈飞宇】变成狐狸吃掉我吧。【小妖子原著：《疯子》】,04:52,365,18,2020-08-18,十二鸢夜,661237788
BV1NK411M7gH,【罗云熙虐心混剪/三寸天堂】“你是我的满目山河 也是我的爱而不得”,04:45,153,0,2020-08-18,抹茶星冰乐277,470982543
BV1i54y1U735,【罗云熙 | 混剪 】海底  || 三生三世 不得善终 ||“ 你问我死后会去哪里，有没有人爱你 ”,04:24,223,3,2020-08-18,闲来无事咕噜噜,94895039
BV1Jv411i73f,【醋王盘点】他醋了他醋了他醋了！！不会吃醋的男主不是好男主！！,02:48,4438,18,2020-08-18,李易峰的小迷妹呀i,39065580
BV1Ah411o7yZ,【上官透个人向】若无离散之恨，仍是潇洒少年,05:04,65,0,2020-08-18,闲来熙猫,413127381
BV1Bi4y1g7Hz,【罗云熙‖田依桐】叹云兮,03:12,142,4,2020-08-18,琉云飞雪,335625995
BV1dh411d71a,【罗云熙水仙】问月上蛊主遇西启陛下谁更甚一筹,02:15,94,0,2020-08-18,宇系云飞,174514409
BV1H54y1U7VL,【罗云熙】给咱哥哥配上他爱的BGM惊雷！！！最后有惊喜！快来预定罗云熙为七夕男友啦！！,00:43,725,21,2020-08-18,亮亮and熙熙呀,473958728
BV1ft4y1U77J,收藏破百，匪萌十月老师的面部上色视频来了哦,01:23:45,508,2,2020-08-18,绘梦CG学院,205562884
BV1yp4y1v7Uk,【古装美男群像】三分讥笑，三分薄凉，四分漫不经心,01:47,73,1,2020-08-18,菲菲不要岛,36587699
BV12A411J7yT,【飞云系｜陈飞宇X罗云熙】每天一遍，智商再见,01:59,2948,56,2020-08-18,冗阿森,391770399
BV1zi4y1g73R,【罗云熙&amp;成毅】【香蜜&amp;琉璃】【润玉&amp;司凤】古装半永久杀！,01:51,215,1,2020-08-18,女子大联盟,39294669
BV1nT4y1L7LB,【润玉×范思辙】【罗云熙×郭麒麟】当润玉的弟弟是范思辙,02:25,103,0,2020-08-18,温润如玉的熙熙,335320710
BV1wA411n7tB,《香蜜沉沉烬如霜》背后的故事之花的含义,00:50,29,0,2020-08-18,bili_48055397113,510702489
BV1gk4y127Mb,【罗云熙角色水仙  ｜all润玉×上官透×天帝玉×容齐】梦回 第四集,19:01,509,7,2020-08-18,珉弋禾熙,278292629
BV12i4y1g7uy,谁说只有穿白衣才好看( ͡° ͜ʖ ͡°)✧,00:33,57,0,2020-08-18,是因为你我的夏才来到,38088330
BV1J54y1e7ih,【罗云熙】自己和自己的CP真香！！,00:31,402,8,2020-08-18,梦分想,508380848
BV1Nt4y1S7tu,【双leo/奥利奥】用奥利奥打开《琉璃美人煞》预告（伪）,03:28,2052,17,2020-08-18,ラマラマ,1928569
BV1DA411J7wH,【重传】【人面桃花两相宜】下·朱一龙·罗云熙·宋继扬·李易峰·邓伦·陈宥维·白敬亭·杨洋·刘诗诗·韩栋·蒋依依·刘昊然·陈伟霆·赵丽颖·茅子俊·赵柯·李智恩,01:02:05,430,1,2020-08-18,甜加一格,124805196
BV1xT4y1L7vg,【重传】【人面桃花两相宜】上·朱一龙·罗云熙·宋继扬·李易峰·邓伦·陈宥维·白敬亭·杨洋·刘诗诗·韩栋·蒋依依·刘昊然·陈伟霆·赵丽颖·茅子俊·赵柯·李智恩,01:01:46,759,240,2020-08-18,甜加一格,124805196
BV1ef4y1Q7vf,【罗云熙|古装】月上重火|上官透|怼脸无死角美颜暴击|慕夏,02:46,71,0,2020-08-18,何以趋暖_,130085394
BV1u5411h7LU,【邓伦罗云熙】【旭润】【旭凤×润玉】重相见 第一集,05:39,962,8,2020-08-18,机灵鬼艾莉,398503371
BV1ot4y1U7Bt,【罗云熙 | 沙雕可爱于一身的电竞boy】毛不染老师这首歌简直就是为熙哥量身定做，太契合了！(感觉自己是巨星),03:07,1069,34,2020-08-18,城南的苏打水,649888709
BV14V411U7XM,【罗云熙】狐妖透｜“哪会有人自愿把心掏出来献给妖呢”,06:08,3.1万,769,2020-08-18,祝我身体快乐,13289367
BV1oA411J73e,［罗云熙×陈钰琪］杂志混剪 浪漫爱 伪MV,02:15,190,0,2020-08-18,红豆牛奶沙沙冰,20685971
BV12a4y177Ui,【琉璃】罗云熙×袁冰妍，神魔大战，腹黑天帝×奶凶奶凶的战神，玉鹅你这样是娶不到媳妇的,04:11,741,23,2020-08-18,柠檬好吃么,27306175
BV1fK411T7cb,【沙雕踩点向】最 强 润 玉,01:40,1408,43,2020-08-18,鸢玉卿,15158644
BV1KD4y1m7GL,【罗云熙】8.18日出工视频,00:10,986,0,2020-08-18,程程看影视,613619264
BV1Sv411y7f3,想看肖战，杨紫，邓伦，罗云熙一起联合出演的情感仙剧肿么办,01:09,41,0,2020-08-18,初见娱乐,327092099
BV1Zp4y1v7ju,【皓衣行-飞云系】闭上眼都是你的样子,00:10,1674,0,2020-08-18,玉子不是鱼子,13221207
BV1ZZ4y1K7AH,【洞房前还有遗言吗】【赵丽颖×罗云熙×肖战】角色预览，记得要看简介和评论啊！,01:14,1106,14,2020-08-18,月卿卿卿卿卿,33927023
BV1fT4y157Wj,【玉露之天作之合——我愿陪你提刀“夜”行】罗云熙×杜雨宸,01:45,502,9,2020-08-18,麻酱本酱,346627042
BV18a4y1772t,〖罗云熙〗翻唱,00:58,25,0,2020-08-18,南庾子,401789559
BV19D4y127vU,罗云熙琵琶行后台采访合集,29:58,394,0,2020-08-18,明霞公主,525417329
BV1Sf4y197Jg,8.17下午13：16熙熙子上班                                     8.17下午15：00飞鱼上班。,00:23,443,0,2020-08-18,乖乖怀脾气,25852617
BV1ba4y177AB,8.17晚上23：23飞鱼下班                                  8.18凌晨2：03分熙熙下班,00:31,380,0,2020-08-18,乖乖怀脾气,25852617
BV1K5411h75D,#念诗学英语#VLOG0818 Ep.3#罗云熙#,01:57,24,0,2020-08-18,神奇的喵总,12967793
BV1SK411T7y6,少年歌行中  绝美|沙雕的诗句,08:18,115,0,2020-08-18,罗云熙的腰朱一龙的臀,435257234
BV1XV411z73b,【罗云熙‖传说中的漫画腿2】哥哥养胖一点吧！【Maria 】,02:08,3384,12,2020-08-18,云熙有你,474855780
BV1mp4y1v79Z,【罗云熙】【周迅】美人一泪倾城,00:34,36,1,2020-08-18,细节纠结控,16853589
BV1ja4y177wv,【陈飞宇×罗云熙】皓衣行‖飞云系‖伪剧情‖路平‖上官透‖润玉‖宁缺‖,07:49,391,0,2020-08-18,言歌ttt,340817196
BV17T4y1L7Wj,【润玉踩点燃向】／SOLO（独一无二）,01:46,248,1,2020-08-18,顾浅熙Leo,441197884
BV1754y1e7gf,【宣萱 | 中心向拉郎】 点击就看绝美爱恋 Kiss Kiss Kiss,04:22,1006,73,2020-08-18,柳小糖sukey,11655558
BV1AK4y1e7mq,【古装群像】生死江湖|燃向打戏混剪,03:16,1430,2,2020-08-18,-舟雪洒寒灯-,522067456
BV16i4y1g7v4,【原著剧情向｜影视剧配音】魔道祖师前尘篇,01:25:19,4452,33,2020-08-18,ChiaChieh,234513918
BV1t54y1e7Wz,【混剪】下山贰|罗云熙|上官透在线踩点,00:52,70,0,2020-08-18,苑茗啊,16548428
BV19t4y1U7fb,侍剑人   第一章 孤女小枝,02:39,46,1,2020-08-18,姜朵朵总督,650542373
BV1tT4y1L7eS,【繁华梦】虞楚之 | 眼神戏 | 仪态混剪︱红眼尾,04:59,4296,43,2020-08-18,_我的心愿是世界和平,11860785
BV1DA411J7Ak,【罗云熙│润玉·水仙】长安||天帝皓然×夜神润玉  愿一生长乐安宁  第二十二集,10:47,1051,76,2020-08-18,张起灵的小帽子,14421873
BV1eZ4y1K7Eu,这个男人已经撩得我无法动弹了！30秒你会爱上他,00:28,89,3,2020-08-17,爱你如弋,370173425
BV1Yz4y1f7KN,【罗云熙】上官透个人向 ｜ 记录透透的笑容和美貌,03:19,567,28,2020-08-17,养伤的小烤梨,9852693
BV1Qk4y117jZ,「罗云熙」Everything you play for me｜禁欲｜杂志混剪,00:50,107,0,2020-08-17,亦雨醉西楼,7674579
BV1kf4y1Q74p,【罗云熙】以小李飞刀的古龙经典港片方式打开上官少侠‖透透子:难得一身好本领，情关始终闯不过,03:24,233,8,2020-08-17,玉树记忆,18798719
BV1Xp4y1v747,【多情种虐心版x古装美男群像｜宋威龙 王一博 鹿晗 吴亦凡 杨洋 邓伦 古天乐 林志颖 黄俊捷  陈星旭 罗云熙 等/快来认领你们的老公】,02:57,101,0,2020-08-17,降B_大调,15472350
BV1hi4y1g7VK,【航翔/航文】等风停了，哥哥和弟弟会在顶峰相遇的,14:47,1221,5,2020-08-17,lovethisworld,470936944
BV1dC4y1t7Ce,为谁红了眼角，为谁湿了眼眶。。。,01:37,464,0,2020-08-17,司徒司嘉,392672460
BV1Ja4y177YX,【赵丽颖 x 罗云熙 x 郭麒麟】透公子和他的野蛮小娇妻（真香）,19:37,1385,106,2020-08-17,袁滚滚不是圆滚滚,404021359
BV1fK411T7mh,【古装群像 | 全员舔屏向】 风花雪月，就是我想跟你谈个恋爱 | 禹司凤×陆绎×润玉×蓝忘机,02:22,177,7,2020-08-17,vision啵啵虎,21192268
BV1B54y1U79n,【存稿‖自制剧‖夜魂.沧澜若】罗云熙×杨紫×李易峰×杨颖Angelababy×胡一天×赵丽颖‖不知道正片系列,01:05,551,5,2020-08-17,鱼鱼君吖,476262855
BV1Lh411o7Ta,【暗黑多重人格向】罗云熙近期时尚花絮&amp;《等风停》MV混剪,02:51,1961,69,2020-08-17,山月笑我酣饮,283055479
BV18T4y1L7bp,【罗云熙｜极限踩点】Sold Out｜酷帅枪版音效 又美又颯,03:30,2379,80,2020-08-17,二熙的宝贝馅儿,43269068
BV1fp4y1v7qR,【罗云熙✘迪丽热巴】【润玉✘凤九】伪|《狐妖小红娘》之王权富贵篇|万水千山，你愿意陪我去看吗？,01:00,368,16,2020-08-17,浅欢乐多,496124088
BV1Cv411y7oN,【天帝润玉】香蜜天魔大战之龙凤对决,01:38,133,0,2020-08-17,SA船长RA,425369254
BV1Fk4y127Dx,【罗云熙】他真的太美好了，像海边的微风，像冬日的暖阳，是温柔的美好,02:08,102,1,2020-08-17,爱吃鱼的果酱ㅍ_ㅍ,499112402
BV1U64y1c7RH,他是不懂爱！因为没人爱过他。他只知道我有什么都给你,04:23,41,1,2020-08-17,一顾倾熙_,194767951
BV1iD4y1275q,【古风武打||踩点】剑气光寒，江湖一梦,01:06,271,8,2020-08-17,猫禾Maohe,4156994
BV1tk4y127M4,润玉的成长史之用不染打开润玉,01:58,86,4,2020-08-17,浮华逝之路漫漫,582156173
BV1TT4y1L7iT,【缘起-罗云熙】一个拖了几个月才被肝出来的视频！,02:30,65,0,2020-08-17,秋暮颜夕,64006867
BV1TA411n7vo,【罗云熙角色混剪】请选择你的英雄｜星辰变｜润玉蝶客上官透,02:15,683,22,2020-08-17,流萤踏火,2083929
BV1eV411U7zE,【掌门太忙】是风动！影视真人版（罗云熙/徐正溪/白敬亭/张峻宁/李洙赫）,04:47,978,16,2020-08-17,慕小珂,9211601
BV19D4y127pe,【模拟人生4捏脸】罗云熙仿捏 建模脸实锤,03:07,501,1,2020-08-17,dislikee,12543593
BV1Jz4y1f7dP,【李沁×罗云熙×彭冠英】血腥爱情故事,00:41,150,1,2020-08-17,水蟹魚魚,21835965
BV1c5411h7C6,【奥利奥 | 双LEO】【吴磊x罗云熙】【萧策安x沈兰舟】将进酒丨千金难买兰舟笑 可换我同你江湖老丨请君高坐庙堂上 不沾风雪余年安康,01:20,3565,20,2020-08-17,Boooboobo,653915
BV1Bi4y1g7bx,摸鱼【罗云熙✘迪丽热巴】,00:32,180,1,2020-08-17,丫丫的德玛,199767670
BV1Gk4y127c8,填坑中的一些摸鱼,02:34,61,3,2020-08-17,弋个坑北,16186759
BV14C4y1t7XJ,【罗云熙 | 高燃踩点 | 古装混剪 | 说书人】来看绝美熙熙子,00:39,125,0,2020-08-17,小仙草Alina,384296772
BV1Qh411d7U1,【罗云熙 | 水仙 】《二哈和他的白猫师尊》真人剧情剪辑向|是我薄你，死生不怨|润玉X上官透,04:04,495,39,2020-08-17,顾拙之,3061832
BV1CK411T7Je,【罗云熙×陈飞宇】婚后首次接受采访，飞云系夫夫真爱大考验-先导预告,00:47,846,0,2020-08-17,随旧事迢递过千峰,351388495
BV1PK411M7PE,【陈飞宇x罗云熙x吴磊】天降竹马互杀的故事·评论置顶见,02:49,5.2万,329,2020-08-17,卡萨布兰卡带了,14198639
BV1RK411T7cB,【容齐X宇文护】吾主吾臣——大结局,02:47,74,0,2020-08-17,净空绯夜,345302225
BV1Sf4y197H1,我代入所有原耽小说的两张脸！你爱的人设这里都有！| 李洙赫x罗云熙,01:21,1.4万,84,2020-08-17,小龙仙堡的龙崽饲养员,454638365
BV1DD4y1U7GZ,【双leo‖奥利奥】伪.琉璃美人煞预告（剧情台词向）,02:46,1947,36,2020-08-17,果篮子啊,21291554
BV13a4y177ck,【罗云熙混剪/心机】.其实好多人我都挺后悔认识的，包括你,02:59,245,1,2020-08-17,抹茶星冰乐277,470982543
BV1vp4y1v7TZ,【古装男神群像】君子如兰，侠肝义胆。胡歌/王一博/肖战/罗云熙/成毅/刘学义/邓伦，你最pick谁？【舔屏向】,04:15,68,1,2020-08-17,呱呱追剧,383493671
BV1gT4y1L75u,【火锅夫夫 朱一龙x罗云熙】奇奇怪怪的走向5,01:26,504,7,2020-08-17,随风不识字,10837963
BV1hT4y1L7a2,古装男神群像之白衣少年,00:47,35,6,2020-08-17,零露吖,414931230
BV14C4y1t72h,【杨蓉 x 白敬亭 x 罗云熙】望乡台 | 我师父喜欢她的师父怎么办,00:51,904,11,2020-08-17,二喜xi,87479310
BV1EK411M7Eo,【男星西装群像混剪】每天一遍，快乐无限丨生活不易，墙头卖艺,03:13,147,4,2020-08-17,食堂洗菜大妈,66589085
BV1j54y1e7p6,【古装男神群像】人间星河，你是谁的白衣少年? 混剪,02:37,1946,36,2020-08-17,岫枳七,157671710
BV1Dk4y117Et,月上重火 缘落 古筝翻奏（崔江卉大大的谱子）,04:03,32,0,2020-08-17,sierra123,243693145
BV1Kp4y1i7JG,【周洁琼×罗云熙】【冉颜×上官透/容齐】&lt;王爷，夫人又跑了&gt; 稀粥CP,05:16,363,0,2020-08-17,千妍染,520407361
BV1Jk4y1278P,琵琶行＋饭拍,14:42,537,5,2020-08-17,明霞公主,525417329
BV1Zk4y1172w,#罗云熙##陈飞宇##皓衣行#值得细品[,00:14,539,0,2020-08-17,顾玖熙xi,651344345
BV1si4y1g7aV,画了一个神仙小……叔叔。愿你不受诋毁，归来仍是少年。,00:41,154,0,2020-08-17,弋云间,406087980
BV1AT4y1L7Uq,【恶魔蝶】罗云熙｜别向恶魔许下诺言,01:42,189,18,2020-08-17,衣橱里的wakki,2856741
BV1Sk4y117e6,2019.11.13头条君来了 罗云熙版野狼disco,00:24,524,3,2020-08-17,明霞公主,525417329
BV15a4y1776G,【罗云熙*迪丽热巴】《朝歌》孤不惜碾碎江山做胭脂，为你上一个笑妆,03:05,272,0,2020-08-17,陌上公子润如玉,340332236
BV1Y54y1e7eT,【润玉x旭凤】‖龙凤夫夫下凡历劫，恩爱二人组开启,02:35,506,1,2020-08-17,墨文卿,552522964
BV1iV411U7Px,【容齐X宇文护】吾主吾臣（渣男预警）,01:34,47,0,2020-08-17,净空绯夜,345302225
BV1K5411h7Ea,【润玉】一   颦   一   笑   皆   是   温   柔      赠樽樽,01:54,240,6,2020-08-17,云胡leo,60431075
BV1BD4y127LY,《献天缘》当女强的璇玑遇上男强的润玉/罗云熙×袁冰妍,00:57,679,1,2020-08-17,龚董氏,385676636
BV16C4y1t776,《创造营特别版·跨界成团》——第三集｜嘉宾助阵｜罗云熙张彬彬世纪合作+排名首次公布｜月出品（仅供娱乐）,04:44,291,2,2020-08-17,秋月钦,310576046
BV1Sp4y1v7o1,罗云熙白鹿 主演 半是蜜糖半是伤 袁帅江君好甜啊啊啊啊啊！,00:19,3285,0,2020-08-17,小米粒hj,13149194
BV1Gi4y1M7my,【皓衣行-飞云系】熙熙这妆这腿，真好看,00:10,2585,0,2020-08-17,玉子不是鱼子,13221207
BV1954y1U796,【罗云熙】我相信了这个世界真的有神仙下凡！！！这颜值就是神仙级别的啊！！！宜古宜今！！！,01:06,345,13,2020-08-17,亮亮and熙熙呀,473958728
BV1xa4y177DR,这条街最靓的仔～罗云熙润玉日常发冠,00:34,60,0,2020-08-17,豆豆大大侠,472762556
BV1cT4y1L7tc,第一次欢迎提意见哦，罗云熙哥哥冲鸭！！！,01:24,81,1,2020-08-17,可爱又吓人的反派女二,523016763
BV1jv411i7RS,「李沁·罗云熙」·凡人歌-柳絮随风各西东，爱恨半点不禁磨,11:00,147,10,2020-08-17,wanderjar,282890590
BV1jz4y1f76s,【余污/性转】【赵丽颖×杨幂】最野的俘虏，泡最正的统帅 -SIXENSE配音工作室 出品,05:09,1507,39,2020-08-17,糖葫芦多加冰,361827758
BV1h54y1U7Dn,[cp]8.16下午13:50熙熙子上班8.16下午14:00飞飞鱼上班夜戏警告。,00:36,605,0,2020-08-17,乖乖怀脾气,25852617
BV1ba4y177vf,[cp]8.17凌晨2:10熙熙子下班8.17凌晨2:24飞飞鱼下班晚安！,00:13,682,0,2020-08-17,乖乖怀脾气,25852617
BV12K4y1Y7jo,【丙烯｜张彬彬×罗云熙】《古今大战秦俑情》——是一个预告片头曲,00:59,672,1,2020-08-17,不知道叫什么随便便吧,10236396
BV1yi4y1g7pi,【罗云熙】8.16日出工和收工视频,00:21,1021,1,2020-08-17,程程看影视,613619264
BV1Sv411y7ks,【罗云熙|润玉】神仙落泪|红眼尾|难道看我失魂落魄你竟然心动,03:26,325,1,2020-08-17,是羲不是曦,186512634
BV1j54y1e7Ze,【罗云熙x刘诗诗】一个帝王的独白 ||“昏君”和他的“妖妃”，自古君王有情否？,04:15,2554,184,2020-08-17,高慧君邓嘉华,256173173
BV1354y1e7xa,既是有缘无分，那便此生断了与你的缘吧,03:36,36,0,2020-08-17,没心没肺呢嘛,275602263
BV14p4y1v7pA,【罗云熙】有关注的吗？容齐哥哥好虐心啊啊啊啊啊啊！,02:28,261,7,2020-08-17,云熙有你,474855780
BV1X5411879Q,陌上人如玉，公子世无双,02:16,29,0,2020-08-17,爱买东西的酱紫熊,514553499
BV1ha4y177Tm,【润玉水仙】被嫌弃的天帝之位|番外 泽淮上线|哭包攻X高冷贤妻受|甜饼甜甜甜,02:40,2023,53,2020-08-17,溱桑不是受,29872622
BV1op4y1v7JK,【罗云熙】【戴眼镜合辑】别人戴眼镜是封印颜值，他戴眼镜是打开了另外一层封印，帅翻了！,00:11,140,0,2020-08-17,透哥哥的朱砂痣,626983991
BV11D4y1276n,【罗云熙 | 你给我减肥！】天妃们，熙哥喊你来减肥了！不然熙哥都要抱不动啦！,01:59,5092,70,2020-08-17,城南的苏打水,649888709
BV17T4y1L74b,【执迷② | 重逢】|【昊辰x 穗禾x 润玉 】|【刘学义】【王一菲】【罗云熙】,05:00,3121,17,2020-08-17,九渔wy,29924655
BV1NK411M7CH,堕仙&amp;皮偶，第二集,05:16,365,29,2020-08-17,歌乐山小66,50974222
BV1wh411o7Zn,飞云系||皓衣行.伪||师尊出关.篇||我想给你撑一辈子的伞。,03:33,3592,42,2020-08-17,霍莉,34027902
BV14K4y1Y7hG,【皇家二三事】特别版 · 认错（墨染/司凤/魏无羡/顾南衣/九云/润玉/羽皇/蓝湛/萧平旌）,05:34,3259,42,2020-08-17,夕月大人,386417226
BV15t4y1Q7HW,【开箱】罗云熙周边 [pb] 珺璟｜夏日透心,04:33,30,0,2020-08-17,特别特别关注,11509530
BV1Hi4y1M7Lk,【飞云系】【现代向】谢谢此生有你陪着我|致曾来过的你,03:53,125,1,2020-08-17,鼹鼠鼹鼠_我是地瓜,510966473
BV1sz4y1f7G4,【多情种x苦情版古装美男群像｜陈星旭 王一博 杨洋 邓伦 古天乐 罗云熙 黄俊捷｜公子多情 虐心的从来不只是女主…】,02:57,157,3,2020-08-17,降B_大调,15472350
BV1Bh41197iv,王爷逃婚记合集来了，一起来看魏婴和蓝湛的三生三世，虐恋情深,40:26,1630,9,2020-08-16,初见月明,494207882
BV1SA411J7tR,【乘风破浪的电竞队】我最想看到的组队｜王一博X易烊千玺X罗云熙X杨洋X杨幂｜乱剪了一下,00:55,194,0,2020-08-16,剪刀手爱斯嘉莉,272320648
BV11h41197w2,【古装多人混剪】江湖就在身边,03:16,77,0,2020-08-16,迷糊茂茂子,401330440
BV1Ji4y1M7kx,喜欢我别遮脸~—肖战、罗云熙、张艺兴、王一博、朱一龙,02:59,37,0,2020-08-16,娅雅牙,31265513
BV1yD4y1274T,【罗云熙｜刘亦菲｜徐正溪】表妹万福｜原著：蓬莱客｜第六集 今生.旧事,05:26,697,22,2020-08-16,火锅不能没贡菜,19439207
BV1hZ4y1K7fn,时之都自制配音剧《青丘狐传》第一集！青丘白家七姐弟，九尾狐颜值都这么高么！,07:15,718,7,2020-08-16,时之都配音社,20259060
BV1j54y1e7Hz,没有罗云熙踩不到的点———创2主题曲《喊出我的名字》｜沙雕向,01:14,85,0,2020-08-16,秋月钦,310576046
BV1U64y1c7sE,罗云熙|润玉水仙|上错花轿嫁对郎第九集,04:46,3152,109,2020-08-16,南雪,2341129
BV1Uv411y7xt,『润玉超迷你打戏合集』下集‖罗云熙 润玉,01:58,41,0,2020-08-16,则灵-薷许,416580157
BV1ra4y177Ec,【罗云熙│润玉·水仙】长安||天帝皓然×夜神润玉  愿一生长乐安宁  第二十一集,11:10,856,72,2020-08-16,张起灵的小帽子,14421873
BV1H5411h7Cj,【月上重火 上官透 】罗云熙眼神杀！！！,00:11,17,0,2020-08-16,一颗柠檬icon,320080052
BV1R64y1c7EL,《创造营特别版·跨界成团》第二集——专业向考核｜罗云熙红衣演唱大鱼｜,05:37,77,0,2020-08-16,秋月钦,310576046
BV1WA411n73T,都给我进来哭！！！【台词||古装男子虐向 全员BE】,04:17,395,10,2020-08-16,沉迷酸奶的神兽,578500115
BV1Ba4y177cx,【蛋糕自制配音剧】屏里狐丨赵丽颖罗云熙朱一龙黄俊捷,14:22,1496,84,2020-08-16,蛋蛋糕君,470393806
BV1xf4y1Q7bw,「罗云熙 | 润玉 x 袁冰妍 | 褚璇玑」桃花笑 | 我家爹爹超凶的,03:18,5486,117,2020-08-16,IsPetrichor,437007192
BV1QA411J7Q6,【罗云熙||尤川】盛世美颜一直都是跨次元的！！！,01:35,262,12,2020-08-16,改名居然消耗6个硬币,348422082
BV18V411U7JE,《灵族老祖宗》第3集 古代故事《童养夫什么的，我都可以》【刘亦菲/刘昊然/白敬亭/易烊千玺/朱一龙】【原创剧情/有雷勿进】,13:26,573,25,2020-08-16,尔不尔不先生,26484620
BV1hi4y1g7xE,【奥利奥丨双LEO】（吴磊X罗云熙）逍遥天地间,01:50,4508,82,2020-08-16,鲂鲤弥弥,740788
BV1na4y177qw,【那些年罗云熙跳过的舞•下】,02:43,200,0,2020-08-16,琵琶不行我都行,321437592
BV1eC4y1t7Rk,【罗云熙】多情种|台词向|回忆嵌在残月中|,04:38,70,3,2020-08-16,冬南-夏北,31480359
BV1zC4y1t7Nd,罗云熙《等风停》·Sky光遇手游演奏,01:38,361,1,2020-08-16,唐心咕,1755752
BV11i4y1g7Rp,【奥利奥】【霆峰】全男版倚天屠龙记,04:06,5981,131,2020-08-16,小鸡炖裤衩,5200659
BV1RA411J78g,【沈巍✘润玉】父帝逼我做小妾(沙雕合集),37:46,1754,63,2020-08-16,龙云小郡主,405599717
BV1KA411e7rz,《创造营特别版·跨界成团》——第一集-罗云熙入营初评极｜月出品,05:00,113,0,2020-08-16,秋月钦,310576046
BV1zt4y1U7gy,【dy小视频合集】追逐潮流的抖抖抖抖抖抖~,02:21,199,0,2020-08-16,苏泼曼,11970686
BV1Df4y197ya,罗云熙透子个人向完整版|浩瀚|醉在花丛 笑是心痛,01:43,595,10,2020-08-16,粽粽粽糖,259909641
BV1nC4y1t7kA,『苏公堤 | 甜』皇子与仙君的故事 | 边伯贤X罗云熙 |娱乐 不上升真人,01:46,247,16,2020-08-16,IODANI,30170068
BV1Si4y1g7iD,【双Leo‖奥利奥】磊磊:我有熙哥的电话号码，你没有。,02:08,765,1,2020-08-16,XDYGMX,663296002
BV1dC4y1t7aJ,罗云熙卡点合集,00:11,19,0,2020-08-16,余光中v-v,324325512
BV1kp4y1v75Z,【奸臣夫人的悠闲日子】④罗云熙｜迪丽热巴｜肖战｜我不会吵架，我喜欢直接上,03:36,4182,21,2020-08-16,徐二舅不是舅_,179945145
BV1op4y1v7DH,香蜜02：锦觅初遇凤凰VS润玉，差别对待不要太明显,01:33,114,0,2020-08-16,阿喵小仙女,651322856
BV16C4y1t7bs,【东宫/香蜜】2020年了我又翻了一遍，情绪瞬间波动,03:57,83,0,2020-08-16,绘声坊音乐社,399332894
BV1pf4y1Q7uj,【长生诀】【古装男子群像】一樽酒饮罢，从此不负她,02:56,75,1,2020-08-16,萧透明,32616582
BV1mt4y1U7Gs,皓衣行飞云系撒糖合集，继续磕，接着舞,01:26,5585,2,2020-08-16,光影流流榴莲,28602227
BV19t4y1U776,【中韩合资·二哈和他的白猫师尊】这才是蝶骨美人席！|高速豪车戴好耳机|罗云熙x李洙赫x迪丽热巴x陈瑶,03:38,1.5万,316,2020-08-16,小龙仙堡的龙崽饲养员,454638365
BV1qZ4y1K7Cu,【罗云熙】拥有能治愈天妃‖罗狮粉们各种不开心的笑容！！,01:10,603,7,2020-08-16,亮亮and熙熙呀,473958728
BV1oK4y1Y7Gd,刘诗诗 罗云熙 遇龙  再续缘,08:17,223,6,2020-08-16,夏天の雪夏,432416606
BV1Sv411y7JL,大龙认母名场面2,27:31,47,0,2020-08-16,额是一只大龙猫,626868011
BV1954y1U7cn,大龙认母名场面1,07:39,41,0,2020-08-16,额是一只大龙猫,626868011
BV1Xk4y117U4,上官透小哥哥帅气剪辑,01:04,18,0,2020-08-16,小顾爱古装,509942337
BV1Jf4y1Q7Se,【那些年罗云熙跳过的舞•上】,02:06,493,0,2020-08-16,琵琶不行我都行,321437592
BV1Tk4y1272o,【群像】红玫瑰与白玫瑰 | 白月光与朱砂痣,02:33,130,0,2020-08-16,我的名字不见了,11965730
BV12V411U7wi,玉儿的图+琵琶行,04:04,18,0,2020-08-16,额是一只大龙猫,626868011
BV14i4y1g774,男星的“回眸杀”，王一博高冷，罗云熙霸气，再看到肖战,01:14,48,0,2020-08-16,初见娱乐,327092099
BV1Wz4y1f7C4,【罗云熙】君子动口不动手，嘴炮不能输,04:23,210,24,2020-08-16,雨落菲菲,25861997
BV1nv411i7tL,【罗云熙上官透 X Lao干妈扇子舞】踩着最燃的点 跳了最骚的舞 配上最绝的颜 耍出最帅的扇,03:13,355,5,2020-08-16,是温迪哟,522163263
